Type materiel 2;Type materiel 3;Type materiel 4;Type matériel;idtypemateriel;idsoustypemateriel;commentaire sur materiel;Millésime;codetype;Coderef;prix neuf € unité;prix moyen achat;unité;unité / an;charges fixes annuelle unité;charges fixes €/an;charges fixes €/unité de volume de travail annuel unité;charges fixes €/unité de volume de travail annuel;Réparations unité;Réparations €/unité de travail annuel;coût total unité;coût total € / unité de travail annuel;performance unité;performance;performance coût total unité;performance coût total €;données puissance 1 adéquate unité;données puissance 1 adéquate;données taux de charge moteur;donnees amortissement 1;donnees amortissement 2;donnees transport 1 unite;donnees transport 1;donnees transport 2 unite;donnees transport 2;donnees transport 3 unite;donnees transport 3;code matériel GES'TIM;masse (kg);durée de vie théorique -obsolescence constructeur- (années);Energie unité;Coût Energie / unité de travail;Energie coût total unité;Energie coût total  € / unité de travail annuel;coût total AVEC carburant € / unité de travail annuel;coût total unité sans carburant;coût total SANS carburant € / unité de travail annuel;carburant cout unité;carburant €/unité de travail;lubrifiant cout unité;lubrifiant €/unité de travail;pneus cout unité;pneus €/unité de travail;puissance ch ISO unité;puissance ch ISO;volume carter huile BV unité;volume carter huile BV;volume carter huile moteur unité;volume carter huile moteur;pneus AV taille;pneus AV prix €;pneus AV prix €;pneus AV durée vie unité;pneus AV durée vie;pneus AR taille;pneus AR prix unité;pneus AR prix;pneus AR durée vie unité;pneus AR durée vie;performance coût total AVEC CARBURANT €/h;performance coût total SANS CARBURANT €/h
Tracteurs Spécialisés Vigne & Verger 2 RM avec Arceau rabattable;2 RM - 76 à 85 ch;80 ch - Vigne & Verger;TRACTEURS SPECIALISES 2RM/Tracteurs Spécialisés Vigne & Verger 2 RM avec Arceau rabattable/2 RM - 76 à 85 ch /80 ch - Vigne & Verger;TRACTEURS SPECIALISES 2RM;80 ch - Vigne & Verger;Tracteurs Spécialisés Vigne & Verger 2 RM avec Arceau rabattable;2015.0;121;12108;€;30800.0;heure;500;€/an;2430.02651516;€/h;4.86005303033;€/h;1.06;€/h;;;;;;;;0.35;14.0;0.09;;;;;;;GES1;2400.0;19.0;;;;;9.99579261366;€/h;6.56379261366;€/h;3.432;€/h;0.23440625;€/h;0.409333333333;ch ISO;80.0;L;40.0;L;9.0;650 16;120.0;120.0;;2500.0;14,9 R 28;;470.0;;3000.0;;
Tracteurs Spécialisés Arboricole 4 RM avec cabine confort;96 à 105 ch;100 ch - Arbo.;TRACTEURS SPECIALISES 4RM ARBO/Tracteurs Spécialisés Arboricole 4 RM avec cabine confort/96 à 105 ch /100 ch - Arbo.;TRACTEURS SPECIALISES 4RM ARBO;100 ch Arbo;Tracteurs Spécialisés Arboricole 4 RM avec cabine confort;2015.0;142;14210;€;44100.0;heure;300;€/an;2878.39796195;€/h;9.59465987317;€/h;1.44;€/h;;;;;;;;0.35;15.0;0.07;;;;;;;GES1;3000.0;19.0;;;;;16.6833994565;€/h;11.6783994565;€/h;5.005;€/h;0.23440625;€/h;0.409333333333;ch ISO;100.0;L;40.0;L;9.0;650 16;120.0;120.0;;2500.0;14,9 R 28;;470.0;;3000.0;;
Catégorie C = Catégorie B + relevage porte masses de série;180 à 200 ch;190 ch;TRACTEURS CLASSIQUES/Catégorie C = Catégorie B + relevage porte masses de série /180 à 200 ch/190 ch;TRACTEURS CLASSIQUES;190 ch BVSP + Rel AV;Catégorie C = Catégorie B + relevage porte masses de série;2015.0;11;1121922121;€;91900.0;heure;700;€/an;8864.56356081;€/h;12.6636622297;€/h;3.27;€/h;;;;;;;;0.5;10.0;0.11;;;;;;;GES1;7490.0;19.0;;;;;32.8897559797;€/h;19.3047559797;€/h;13.585;€/h;0.59109375;€/h;2.78;ch ISO;190.0;L;100.0;L;23.0;540 65 28;1600.0;1600.0;;2500.0;650.65 38;;3000.0;;4000.0;;
Mélangeuse Automotrice;14 m3 - 160 ch;fraise de chargement;DISTRIB FOURRAGE AUTOMOTRICE/Mélangeuse Automotrice /14 m3 - 160 ch  /fraise de chargement;DISTRIB FOURRAGE AUTOMOTRICE;Mélangeuse Automotrice 14 m3 - 160 ch;Mélangeuse Automotrice 14 m3 - 160 ch  fraise de chargement;2015.0;904;90401416;€;150900.0;h;400;€/an;20674.8176229;€/h;51.6870440571;€/h;10.67;€/h;;;;;;;;0.5;7.0;0.2;;;;;;;GES2;12000.0;13.0;;;;;74.0001690571;€/h;62.5601690571;€/h;11.44;€/h;0.203125;;;ch ISO;160.0;;;L;20.0;;;;;;;;;;;;
Mélangeuse Automotrice;14 m3 - 160 ch;fraise de chargement;DISTRIB FOURRAGE AUTOMOTRICE/Mélangeuse Automotrice /14 m3 - 160 ch  /fraise de chargement;DISTRIB FOURRAGE AUTOMOTRICE;Mélangeuse Automotrice 14 m3 - 160 ch;Mélangeuse Automotrice 14 m3 - 160 ch  fraise de chargement;2015.0;904;90401416;€;150900.0;h;600;€/an;20674.8176229;€/h;34.4580293714;€/h;10.67;€/h;;;;;;;;0.5;7.0;0.2;;;;;;;GES2;12000.0;13.0;;;;;56.7711543714;€/h;45.3311543714;€/h;11.44;€/h;0.203125;;;ch ISO;160.0;;;L;20.0;;;;;;;;;;;;
Porteur Automoteur;120 ch;;Porteur Viti Automoteur/Porteur Automoteur /120 ch /;Porteur Viti Automoteur;Porteur Automoteur 120 ch 0;0.0;2015.0;167;16712;€;80000.0;h;500;€/an;7556.70386142;€/h;15.1134077228;€/h;3.0;;;;;;;;;;10.0;0.11;;;;;;;GES1;4500.0;18.0;;;;;24.1194077228;€/h;18.2352827228;€/h;6.006;€/h;0.121875;;;ch ISO;120.0;;;L;15.0;;;;;;;;;;;;
Intercep Hydraulique VL;avec cadre;et centrale hydraulique;Interceps/Intercep Hydraulique VL /avec cadre /et centrale hydraulique;Interceps;Intercep Hydraulique VL avec cadre et centrale hydraulique;0.0;2015.0;225;2.25810014036e+12;€;10500.0;ha;40;€/an;1036.32885468;€/ha;25.9082213671;€/ha;4.6;€/ha;30.5082213671;ha/h;0.8;€/h;24.4065770937;ch;80.0;0.4;10.0;0.15;;;;;;;GES3;250.0;18.0;;;;;;;;;;;;;;;;;;;;;;;;;;;;;;;
Passerelle diesel 30 ch;2 RM hauteur de 1,1 à 2,1 m;de 4 à 6 postes;PASSERELLE LEGUMES/Passerelle diesel 30 ch /2 RM hauteur de 1,1 à 2,1 m /de 4 à 6 postes;PASSERELLE LEGUMES;Passerelle diesel 30 ch 2 RM hauteur de 1,1 à 2,1 m de 4 à 6 postes;0.0;2015.0;980;9.80330302106e+11;€;19410.0;he;400;€/an;2392.03311941;€/h;5.98008279853;€/h;3.1;;;;;;;;;;;;;;;;;;;;;;;;;12.0830827985;€/h;9.13086404853;€/h;3.003;€/h;0.05078125;;;ch ISO;30.0;;;L;5.0;;;;;;;;;;;;
Chambre fixe;balle  120 x 120;;PRESSES/Chambre fixe  /balle  120 x 120 /;PRESSES;Chambre Fixe 120 x 120;Chambre fixe  balle  120 x 120;2015.0;704;704310;€;17100.0;bal;1000;€/an;1687.73556334;€/bal;1.68773556334;€/ha;0.39;€/ha;2.07773556334;bal/h;25.0;€/h;51.9433890835;ch;90.0;0.8;10.0;0.15;;;;;;;GES3;2800.0;18.0;;;;;;;;;;;;;;;;;;;;;;;;;;;;;;;
Prétailleuse 1rgs  pour vigne à gobelet 0;;;Prétailleuse/Prétailleuse 1rgs  pour vigne à gobelet 0//;Prétailleuse;Prétailleuse 1rgs  pour vigne à gobelet;0.0;2015.0;540;5401001;€;4750.0;ha;60;€/an;507.0;€/ha;8.45;€/ha;25.0;€/ha;33.45;ha/h;0.0;€/h;0.0;ch;70.0;0.4;10.0;0.15;;;;;;;GES3;180.0;18.0;;;;;;;;;;;;;;;;;;;;;;;;;;;;;;;
Motoculteur 25 cv, essence,;2 Av et 2 Ar, Pdf,;Lanceur Automatique,;MOTOCULTEUR/Motoculteur 25 cv, essence, /2 Av et 2 Ar, Pdf, /Lanceur Automatique,;MOTOCULTEUR;Motoculteur 25 cv, essence, 2 Av et 2 Ar, Pdf, Lanceur Automatique,;;2015.0;1M1;1M11251;€;2700.0;he;200;€/an;332.740310273;€/h;1.66370155137;€/h;5.0;;;;;;;;;;;;;;;;;;;;;;;;;10.2852640514;€/h;6.76526405137;€/h;3.52;€/h;0.1015625;;;ch ISO;25.0;;;L;5.0;;;;;;;;;;;;
"Pivot Fixe 300 m, 5"", rotators, cercle complet,";5 tours de 55 m + porte à faux de 25 m soit 325 m irrigués,;monté , hors câble d'alim. Élect;"Pivot / Rampe/Pivot Fixe 300 m, 5"", rotators, cercle complet, /5 tours de 55 m + porte à faux de 25 m soit 325 m irrigués, /monté , hors câble d'alim. Élect";Pivot / Rampe;"Pivot Fixe 300 m, 5"", rotators, cercle complet, 5 tours de 55 m + porte à faux de 25 m soit 325 m irrigués,";5 tours de 55 m + porte à faux de 25 m soit 325 m irrigués, monté , hors câble d'alim. Élect;2015.0;IRRI0542;IRRI054200030000510000002;€;51500.0;m3;27500;€/an;3218.75;€/m3;0.117045454545;€/m3;0.117045454545;;;;;;;;;;;;;;;;;;GES3;0.0;20.0;;;€/m3;0.147954545455;;;;;;;;;;;;;;;;;;;;;;;;;;;
Tête de récolte porteur VL;avec trieur et egreneur;;Vendange/Tête de récolte porteur VL /avec trieur et egreneur /;Vendange;Tête de récolte porteur VL avec trieur et egreneur 0;;2015.0;840;840500006;€;70000.0;ha;60;€/an;7471.04694818;€/ha;124.517449136;€/ha;34.29;€/ha;158.807449136;ha/h;0.7;€/h;111.165214395;;80.0;0.7;10.0;0.15;;;;;;;GES2;1500.0;18.0;;;;;;;;;;;;;;;;;;;;;;;;;;;;;;;
Catégorie E = Catégorie C + relevage avant pour charrue & similaire + boîte Variation continue de série + Pont avant suspendu;310 à 330 ch;320 ch;TRACTEURS CLASSIQUES/Catégorie E = Catégorie C + relevage avant pour charrue & similaire + boîte Variation continue de série + Pont avant suspendu/310 à 330 ch/320 ch;TRACTEURS CLASSIQUES;320 ch avec BV Continue;Catégorie E = Catégorie C + relevage avant pour charrue & similaire + boîte Variation continue de série + Pont avant suspendu;2015.0;11;1123272221;€;173600.0;heure;500;€/an;13696.5130855;€/h;27.3930261709;€/h;3.72;€/h;;;;;;;;0.5;14.0;0.09;;;;;;;GES1;11670.0;19.0;;;;;58.8757761709;€/h;35.9957761709;€/h;22.88;€/h;0.80275;€/h;4.08;ch ISO;320.0;L;145.0;L;28.0;600 70 30;1600.0;1600.0;;2500.0;710.70 42;;5600.0;;4000.0;;
Catégorie D = Catégorie C + relevage avant pour charrue & similaire + boîte automatisée de série;310 à 330 ch;320 ch;TRACTEURS CLASSIQUES/Catégorie D = Catégorie C + relevage avant pour charrue & similaire + boîte automatisée de série/310 à 330 ch/320 ch;TRACTEURS CLASSIQUES;320 ch BV Automatique;Catégorie D = Catégorie C + relevage avant pour charrue & similaire + boîte automatisée de série;2015.0;11;1123242221;€;162700.0;heure;500;€/an;12836.5361694;€/h;25.6730723388;€/h;3.72;€/h;;;;;;;;0.5;14.0;0.09;;;;;;;GES1;11670.0;19.0;;;;;57.1558223388;€/h;34.2758223388;€/h;22.88;€/h;0.80275;€/h;4.08;ch ISO;320.0;L;145.0;L;28.0;600 70 30;1600.0;1600.0;;2500.0;710.70 42;;5600.0;;4000.0;;
Enjambeurs 4 RM avec cabine et porte outil;135 à 155 ch;145 ch - Enj. Cab + Porte outil;TRACTEUR SPECIALISE ENJAMBEUR/Enjambeurs 4 RM avec cabine et porte outil /135 à 155 ch /145 ch - Enj. Cab + Porte outil;TRACTEUR SPECIALISE ENJAMBEUR;145 ch Enjambeur;Enjambeurs 4 RM avec cabine et porte outil;2015.0;164;16414;€;148600.0;heure;500;€/an;11724.088966;€/h;23.448177932;€/h;2.33;€/h;;;;;;;;0.35;14.0;0.09;;;;;;;GES1;3600.0;19.0;;;;;33.757646682;€/h;26.500396682;€/h;7.25725;€/h;0.32621875;€/h;0.396;ch ISO;145.0;L;60.0;L;11.0;335 20;220.0;220.0;;2500.0;11.2 R 32;;330.0;;3000.0;;
Arracheuse Charg. 350/400 ch;6 m3, 4 RM,;6 rangs;RECOLTEUSE BETTERAVES AUTOMOTRICE/Arracheuse Charg. 350/400 ch/6 m3, 4 RM, /6 rangs;RECOLTEUSE BETTERAVES AUTOMOTRICE;Arracheuse Charg. 350/400 ch6 m3, 4 RM,;Arracheuse Charg. 350/400 ch6 m3, 4 RM, 6 rangs;2015.0;82;82124006;€;210000.0;ha;300;€/an;28772.112;€/ha;95.90704;€/ha;30.8;€/ha;;ha/h;0.9;€/h;;;;0.55;7.0;0.2;;;;;;;GES2;19000.0;15.0;;;;;159.897665;€/ha;127.126831667;€/ha;32.7708333333;€/ha;0.419791666667;;;ch ISO;375.0;;;L;31.0;;;;;;;;;;;143.9078985;114.4141485
Intégrale Capcaité 25 - 35 m3;450/500 ch, 6 rangs,;;RECOLTEUSE BETTERAVES AUTOMOTRICE/Intégrale Capcaité 25 - 35 m3/450/500 ch, 6 rangs, /;RECOLTEUSE BETTERAVES AUTOMOTRICE;Intégrale Capcaité 25 - 35 m3450/500 ch, 6 rangs,;Intégrale Capcaité 25 - 35 m3450/500 ch, 6 rangs, 0;2015.0;82;8232470630;€;430000.0;ha;500;€/an;58914.3245714;€/ha;117.828649143;€/ha;32.8;€/ha;;ha/h;1.0;€/h;;;;0.55;7.0;0.2;;;;;;;GES2;25000.0;15.0;;;;;188.255524143;€/ha;150.896774143;€/ha;37.35875;€/ha;0.268125;;;ch ISO;475.0;;;L;33.0;;;;;;;;;;;188.255524143;150.896774143
Epandeur lisier 21 m3 Standard + Rampe Pendillards 24 m + DPA;Tonne 21 m3 Standard;Rampe 24 m pendillards + DPA;EPANDEURS & ACCESSOIRES/Epandeur lisier 21 m3 Standard + Rampe Pendillards 24 m + DPA/Tonne 21 m3 Standard /Rampe 24 m pendillards + DPA;EPANDEURS & ACCESSOIRES;21 m3 + rampe à pendillards24 M + dpa;Epandeur lisier 21 m3 Standard + Rampe Pendillards 24 m + DPATonne 21 m3 Standard Rampe 24 m pendillards + DPA;2015.0;40;4.02300214723e+13;€;139400.0;Voy;750;€/an;16482.2589823;€/voy;21.9763453097;€/voy;2.3;€/voy;24.2763453097;Voy / h;2.0;€/h;48.5526906194;ch;230.0;0.4;7.0;0.15;m;24.0;m3;21.0;mn;10.0;GES5;12150.0;14.0;;;;;;;;;;;;;;;;;;;;;;;;;;;;;;;
Epandeur lisier 21 m3 Standard + Rampe Pendillards 24 m + DPA;Tonne 21 m3 Standard;Rampe 24 m pendillards + DPA;EPANDEURS & ACCESSOIRES/Epandeur lisier 21 m3 Standard + Rampe Pendillards 24 m + DPA/Tonne 21 m3 Standard /Rampe 24 m pendillards + DPA;EPANDEURS & ACCESSOIRES;21 m3 + rampe à pendillards24 M + dpa;Epandeur lisier 21 m3 Standard + Rampe Pendillards 24 m + DPATonne 21 m3 Standard Rampe 24 m pendillards + DPA;2015.0;40;4.02300214723e+13;€;139400.0;Voy;950;€/an;16482.2589823;€/voy;17.3497462971;€/voy;2.3;€/voy;19.6497462971;Voy / h;2.0;€/h;39.2994925942;ch;230.0;0.4;7.0;0.15;m;24.0;m3;21.0;mn;10.0;GES5;12150.0;14.0;;;;;;;;;;;;;;;;;;;;;;;;;;;;;;;
Vibreur / Récepteur Cerise;Remorque Recep.;50 ch. Hydraulique;RECOLTEUSES FRUITS/Vibreur / Récepteur Cerise/Remorque Recep./50 ch. Hydraulique;RECOLTEUSES FRUITS;Vibreur / Récepteur CeriseRemorque Recep.50 ch. Hydraulique;0.0;2015.0;861;8.61201000006e+11;€;54770.0;he;250;€/an;6749.69881247;€/h;26.9987952499;€/h;4.5;;;;;;;;;;;;;;;;;;;;;;;;;36.5037952499;€/h;31.5800452499;€/h;5.005;€/h;0.08125;;;ch ISO;50.0;;;L;5.0;;;;;;;;;;;;
Corn Picker 8 rgs, 4 RM,;300 ch, Trémie 17 m3,;cueilleurs à plaques,;CORN PICKER/Corn Picker 8 rgs, 4 RM, /300 ch, Trémie 17 m3, /cueilleurs à plaques,;CORN PICKER;Corn Picker 8 rgs, 300 ch;Corn Picker 8 rgs, 4 RM, 300 ch, Trémie 17 m3, cueilleurs à plaques,;2015.0;805;8058111714;€;275000.0;ha;250;€/an;21498.3282228;€/ha;85.9933128913;€/ha;30.78;€/ha;;ha/h;3.0;€/h;;;;0.7;15.0;0.1;;;;;;;GES2;16500.0;18.0;;;;;127.027062891;€/ha;117.017062891;€/ha;10.01;€/ha;0.24375;;;ch ISO;300.0;;;L;15.0;;;;;;;;;;;381.081188674;351.051188674
Charrue décavaillonneuse VE;mécanique;1 rg complet - 2 corps;Charrue/Charrue décavaillonneuse VE /mécanique /1 rg complet - 2 corps;Charrue;Charrue décavaillonneuse VE mécanique 1 rg complet - 2 corps;;2015.0;202;2.02710003013e+11;€;4000.0;ha;15;€/an;394.791944641;€/ha;26.3194629761;€/ha;5.75;€/ha;32.0694629761;ha/h;0.5;€/h;16.034731488;ch;70.0;0.4;10.0;0.15;;;;;;;GES3;200.0;18.0;;;;;;;;;;;;;;;;;;;;;;;;;;;;;;;
Télescopique;90 ch;;CHARIOTS TELESCOPIQUES/Télescopique /90 ch /;CHARIOTS TELESCOPIQUES;Télesco 90 ch;Télescopique 90 ch 0;2015.0;108;108209;€;53700.0;h;500;€/an;6617.83505988;€/h;13.2356701198;€/h;4.01;€/h;5.148;;;;;;;0.4;7.0;0.2;;;;;;;GES1;6200.0;19.0;;;;;22.4901544948;;;;;€/h;0.096484375;;;ch ISO;90.0;;;L;9.5;;;;;;;;;;;;
Axe horizontal;fleaux  6 m;;BROYEURS/Axe horizontal /fleaux  6 m /;BROYEURS;Axe Horizontal 6 m;Axe horizontal fleaux  6 m 0;2015.0;511;511211;€;23000.0;ha;225;€/an;3036.23131429;€/ha;13.4943613968;€/ha;3.93;€/ha;17.4243613968;ha/h;2.5;€/h;43.5609034921;ch;150.0;0.8;7.0;0.2;;;;;;;GES3;2300.0;17.0;;;;;;;;;;;;;;;;;;;;;;;;;;;;;;;
Tracteurs Spécialisés Vigne & Verger 4 RM avec Arceau rabattable;4 RM - 96 à 105 ch;100 ch - Vigne & Verger;TRACTEURS SPECIALISES 4RM/Tracteurs Spécialisés Vigne & Verger 4 RM avec Arceau rabattable/4 RM - 96 à 105 ch /100 ch - Vigne & Verger;TRACTEURS SPECIALISES 4RM;100 ch - Vigne & Verger;Tracteurs Spécialisés Vigne & Verger 4 RM avec Arceau rabattable;2015.0;122;12210;€;40300.0;heure;700;€/an;3887.28957019;€/h;5.55327081456;€/h;1.38;€/h;;;;;;;;0.35;10.0;0.11;;;;;;;GES1;2800.0;19.0;;;;;11.8670103979;€/h;7.57701039789;€/h;4.29;€/h;0.23440625;€/h;0.409333333333;ch ISO;100.0;L;40.0;L;9.0;650 16;120.0;120.0;;2500.0;14,9 R 28;;470.0;;3000.0;;
Catégorie E = Catégorie C + relevage avant pour charrue & similaire + boîte Variation continue de série + Pont avant suspendu;310 à 330 ch;320 ch;TRACTEURS CLASSIQUES/Catégorie E = Catégorie C + relevage avant pour charrue & similaire + boîte Variation continue de série + Pont avant suspendu/310 à 330 ch/320 ch;TRACTEURS CLASSIQUES;320 ch avec BV Continue;Catégorie E = Catégorie C + relevage avant pour charrue & similaire + boîte Variation continue de série + Pont avant suspendu;2015.0;11;1123272221;€;173600.0;heure;900;€/an;18874.1163975;€/h;20.9712404417;€/h;3.72;€/h;;;;;;;;0.5;8.0;0.12;;;;;;;GES1;11670.0;19.0;;;;;52.4539904417;€/h;29.5739904417;€/h;22.88;€/h;0.80275;€/h;4.08;ch ISO;320.0;L;145.0;L;28.0;600 70 30;1600.0;1600.0;;2500.0;710.70 42;;5600.0;;4000.0;;
Catégorie D = Catégorie C + relevage avant pour charrue & similaire + boîte automatisée de série;310 à 330 ch;320 ch;TRACTEURS CLASSIQUES/Catégorie D = Catégorie C + relevage avant pour charrue & similaire + boîte automatisée de série/310 à 330 ch/320 ch;TRACTEURS CLASSIQUES;320 ch BV Automatique;Catégorie D = Catégorie C + relevage avant pour charrue & similaire + boîte automatisée de série;2015.0;11;1123242221;€;162700.0;heure;900;€/an;17689.0480292;€/h;19.6544978102;€/h;3.72;€/h;;;;;;;;0.5;8.0;0.12;;;;;;;GES1;11670.0;19.0;;;;;51.1372478102;€/h;28.2572478102;€/h;22.88;€/h;0.80275;€/h;4.08;ch ISO;320.0;L;145.0;L;28.0;600 70 30;1600.0;1600.0;;2500.0;710.70 42;;5600.0;;4000.0;;
Catégorie A : Boite semi-powershift, inverseur sous charge et relevage électronique de série;96 à 105 ch;100 ch;TRACTEURS CLASSIQUES/Catégorie A : Boite semi-powershift, inverseur sous charge et relevage électronique de série /96 à 105 ch/100 ch;TRACTEURS CLASSIQUES;100 ch BVSP;Catégorie A : Boite semi-powershift, inverseur sous charge et relevage électronique de série;2015.0;11;112102202;€;48400.0;heure;500;€/an;3818.61309526;€/h;7.63722619052;€/h;2.22;€/h;;;;;;;;0.35;14.0;0.09;;;;;;;GES1;4100.0;19.0;;;;;16.2817782739;€/h;11.2767782739;€/h;5.005;€/h;0.32621875;€/h;1.09333333333;ch ISO;100.0;L;60.0;L;11.0;360 70 24;800.0;800.0;;3000.0;480 70 34;;1400.0;;5000.0;;
Enjambeurs 4 RM avec cabine et porte outil;135 à 155 ch;145 ch - Enj. Cab + Porte outil;TRACTEUR SPECIALISE ENJAMBEUR/Enjambeurs 4 RM avec cabine et porte outil /135 à 155 ch /145 ch - Enj. Cab + Porte outil;TRACTEUR SPECIALISE ENJAMBEUR;145 ch Enjambeur;Enjambeurs 4 RM avec cabine et porte outil;2015.0;164;16414;€;148600.0;heure;300;€/an;9699.09154526;€/h;32.3303051509;€/h;2.33;€/h;;;;;;;;0.35;15.0;0.07;;;;;;;GES1;3600.0;19.0;;;;;42.6397739009;€/h;35.3825239009;€/h;7.25725;€/h;0.32621875;€/h;0.396;ch ISO;145.0;L;60.0;L;11.0;335 20;220.0;220.0;;2500.0;11.2 R 32;;330.0;;3000.0;;
Catégorie C = Catégorie B + relevage porte masses de série;180 à 200 ch;190 ch;TRACTEURS CLASSIQUES/Catégorie C = Catégorie B + relevage porte masses de série /180 à 200 ch/190 ch;TRACTEURS CLASSIQUES;190 ch BVSP + Rel AV;Catégorie C = Catégorie B + relevage porte masses de série;2015.0;11;1121922121;€;91900.0;heure;500;€/an;7250.6310631;€/h;14.5012621262;€/h;3.27;€/h;;;;;;;;0.5;14.0;0.09;;;;;;;GES1;7490.0;19.0;;;;;34.7273558762;€/h;21.1423558762;€/h;13.585;€/h;0.59109375;€/h;2.78;ch ISO;190.0;L;100.0;L;23.0;540 65 28;1600.0;1600.0;;2500.0;650.65 38;;3000.0;;4000.0;;
Chenillards;85 à 100 ch;90 ch;TRACTEUR SPECIALISE CHENILLARD/Chenillards/85 à 100 ch /90 ch;TRACTEUR SPECIALISE CHENILLARD;90 ch Chenillard;Chenillards;2015.0;154;15409;€;38100.0;heure;500;€/an;3005.97435804;€/h;6.01194871609;€/h;1.96;€/h;;;;;;;;0.35;14.0;0.09;;;;;;;GES1;3400.0;19.0;;;;;14.5608549661;€/h;10.0563549661;€/h;4.5045;€/h;0.23440625;€/h;1.85;ch ISO;90.0;L;40.0;L;9.0;;3700.0;3700.0;;4000.0;;;0.0;;0.0;;
Chenillards;85 à 100 ch;90 ch;TRACTEUR SPECIALISE CHENILLARD/Chenillards/85 à 100 ch /90 ch;TRACTEUR SPECIALISE CHENILLARD;90 ch Chenillard;Chenillards;2015.0;154;15409;€;38100.0;heure;700;€/an;3675.080214;€/h;5.25011459143;€/h;1.96;€/h;;;;;;;;0.35;10.0;0.11;;;;;;;GES1;3400.0;19.0;;;;;13.7990208414;€/h;9.29452084143;€/h;4.5045;€/h;0.23440625;€/h;1.85;ch ISO;90.0;L;40.0;L;9.0;;3700.0;3700.0;;4000.0;;;0.0;;0.0;;
Semoir Direct Haut de Gamme;de 1,40/1,50 m,;pour implantation des couverts végétaux;Semoir Inter-Rang/Semoir Direct Haut de Gamme/de 1,40/1,50 m, /pour implantation des couverts végétaux;Semoir Inter-Rang;Semoir Direct Haut de Gammede 1,40/1,50 m, pour implantation des couverts végétaux;0.0;2015.0;350;3.50002400001e+13;€;15000.0;ha;120;€/an;1480.4697924;€/ha;12.33724827;€/ha;2.43;€/ha;14.76724827;ha/h;1.25;€/h;18.4590603375;ch;80.0;0.4;10.0;0.15;;;;;;;GES5;1000.0;18.0;;;;;;;;;;;;;;;;;;;;;;;;;;;;;;;
Semoir 4 rgs;Distribution mécanique;;SEMOIRS & ACCESSOIRES/Semoir 4 rgs /Distribution mécanique /;SEMOIRS & ACCESSOIRES;4 rgs Méca;Distribution mécanique 0;2015.0;30;305104111;€;4000.0;ha;55;€/an;345.66077995;€/ha;6.28474145364;€/ha;0.79;€/ha;7.07474145364;ha/h;0.8;€/h;5.65979316291;ch;80.0;0.4;10.0;0.15;;;;;;;GES5;600.0;18.0;;;;;;;;;;;;;;;;;;;;;;;;;;;;;;;
Semoir 4 rgs;Distribution mécanique;;SEMOIRS & ACCESSOIRES/Semoir 4 rgs /Distribution mécanique /;SEMOIRS & ACCESSOIRES;4 rgs Méca;Distribution mécanique 0;2015.0;30;305104111;€;4000.0;ha;70;€/an;345.66077995;€/ha;4.93801114214;€/ha;0.79;€/ha;5.72801114214;ha/h;0.8;€/h;4.58240891371;ch;80.0;0.4;10.0;0.15;;;;;;;GES5;600.0;18.0;;;;;;;;;;;;;;;;;;;;;;;;;;;;;;;
Intégrale Capcaité 25 - 35 m3;450/500 ch, 6 rangs,;;RECOLTEUSE BETTERAVES AUTOMOTRICE/Intégrale Capcaité 25 - 35 m3/450/500 ch, 6 rangs, /;RECOLTEUSE BETTERAVES AUTOMOTRICE;Intégrale Capcaité 25 - 35 m3450/500 ch, 6 rangs,;Intégrale Capcaité 25 - 35 m3450/500 ch, 6 rangs, 0;2015.0;82;8232470630;€;430000.0;ha;400;€/an;58914.3245714;€/ha;147.285811429;€/ha;32.8;€/ha;;ha/h;1.0;€/h;;;;0.55;7.0;0.2;;;;;;;GES2;25000.0;15.0;;;;;217.779717679;€/ha;180.420967679;€/ha;37.35875;€/ha;0.33515625;;;ch ISO;475.0;;;L;33.0;;;;;;;;;;;217.779717679;180.420967679
Intégrale Capcaité 25 - 35 m3;450/500 ch, 6 rangs,;;RECOLTEUSE BETTERAVES AUTOMOTRICE/Intégrale Capcaité 25 - 35 m3/450/500 ch, 6 rangs, /;RECOLTEUSE BETTERAVES AUTOMOTRICE;Intégrale Capcaité 25 - 35 m3450/500 ch, 6 rangs,;Intégrale Capcaité 25 - 35 m3450/500 ch, 6 rangs, 0;2015.0;82;8232470630;€;430000.0;ha;600;€/an;58914.3245714;€/ha;98.1905409524;€/ha;32.8;€/ha;;ha/h;1.0;€/h;;;;0.55;7.0;0.2;;;;;;;GES2;25000.0;15.0;;;;;168.572728452;€/ha;131.213978452;€/ha;37.35875;€/ha;0.2234375;;;ch ISO;475.0;;;L;33.0;;;;;;;;;;;168.572728452;131.213978452
700 cc 50 - 55 cv;4 x 4 débrayable;;QUAD/700 cc 50 - 55 cv /4 x 4 débrayable/;QUAD;700 cc 50 - 55 cv;4 x 4 débrayable;2015.0;17;17205017;€;12000.0;heure;150;€/an;1120.98233985;€/h;7.473215599;€/h;3.35;€/h;;;;;;;;0.46;10.0;0.1;;;;;;;GES1;350.0;15.0;;;;;19.4437989323;;;€/h;7.68;€/h;0.10725;€/h;0.833333333333;ch ISO;45.0;;;L;3.0;8-12;125.0;125.0;;600.0;10-12;;125.0;;600.0;;
Trainé 5200 l  H G;rampe Alu 36 m;DPAE, Haut de Gamme Ttes options;PULVERISATEURS/Trainé 5200 l  H G /rampe Alu 36 m /DPAE, Haut de Gamme Ttes options;PULVERISATEURS;Trainé 5200 l  H G;rampe Alu 36 m DPAE, Haut de Gamme Ttes options;2015.0;60;6012527144;€;120600.0;ha;1400;€/an;11117.0445271;€/ha;7.94074609079;€/ha;1.21;€/ha;9.15074609079;ha/h;15.0;€/h;137.261191362;ch;150.0;0.4;10.0;0.12;m;36.0;litres;5200.0;min;15.0;GES4;4500.0;19.0;;;;;;;;;;;;;;;;;;;;;;;;;;;;;;;
Trainé 5200 l  H G;rampe Alu 36 m;DPAE, Haut de Gamme Ttes options;PULVERISATEURS/Trainé 5200 l  H G /rampe Alu 36 m /DPAE, Haut de Gamme Ttes options;PULVERISATEURS;Trainé 5200 l  H G;rampe Alu 36 m DPAE, Haut de Gamme Ttes options;2015.0;60;6012527144;€;120600.0;ha;2500;€/an;11117.0445271;€/ha;4.44681781084;€/ha;1.21;€/ha;5.65681781084;ha/h;15.0;€/h;84.8522671626;ch;150.0;0.4;10.0;0.12;m;36.0;litres;5200.0;min;15.0;GES4;4500.0;19.0;;;;;;;;;;;;;;;;;;;;;;;;;;;;;;;
Automotrice 180 ch VE;;;MAV/Automotrice 180 ch VE //;MAV;Automotrice 180 ch VE 00;0.0;2015.0;840;840318003;€;187400.0;ha;140;€/an;17701.5787954;€/ha;126.439848538;€/ha;43.43;;;ha/h;0.5;€/h;;;;0.7;10.0;0.11;;;;;;;GES2;8500.0;18.0;;;;;205.905848538;€/ha;170.508241396;€/ha;36.036;€/ha;0.638392857143;;;ch ISO;180.0;;;L;22.0;;;;;;;;;;;102.952924269;85.2541206978
Semoir Direct Haut de Gamme;de 1,40/1,50 m,;pour implantation des couverts végétaux;Semoir Inter-Rang/Semoir Direct Haut de Gamme/de 1,40/1,50 m, /pour implantation des couverts végétaux;Semoir Inter-Rang;Semoir Direct Haut de Gammede 1,40/1,50 m, pour implantation des couverts végétaux;0.0;2015.0;350;3.50002400001e+13;€;15000.0;ha;150;€/an;1480.4697924;€/ha;9.86979861602;€/ha;2.43;€/ha;12.299798616;ha/h;1.25;€/h;15.37474827;ch;80.0;0.4;10.0;0.15;;;;;;;GES5;1000.0;18.0;;;;;;;;;;;;;;;;;;;;;;;;;;;;;;;
Pulvé à jets projetés VE;6 rgs  - porté;;Pulvérisateur Vigne/Pulvé à jets projetés VE /6 rgs  - porté /;Pulvérisateur Vigne;Pulvé à jets projetés VE 6 rgs  - porté 0;0.0;2015.0;602;60210001903;€;11750.0;ha;185;€/an;1159.70133738;€/ha;6.26865587775;€/ha;1.03;€/ha;7.29865587775;ha/h;1.5;€/h;10.9479838166;ch;60.0;0.4;10.0;0.15;;;;;;;GES4;200.0;19.0;;;;;;;;;;;;;;;;;;;;;;;;;;;;;;;
Pulvé à jets projetés VE;6 rgs  - porté;;Pulvérisateur Vigne/Pulvé à jets projetés VE /6 rgs  - porté /;Pulvérisateur Vigne;Pulvé à jets projetés VE 6 rgs  - porté 0;0.0;2015.0;602;60210001903;€;11750.0;ha;250;€/an;1159.70133738;€/ha;4.63880534953;€/ha;1.03;€/ha;5.66880534953;ha/h;1.5;€/h;8.5032080243;ch;60.0;0.4;10.0;0.15;;;;;;;GES4;200.0;19.0;;;;;;;;;;;;;;;;;;;;;;;;;;;;;;;
Tête de récolte porteur VL;avec trieur et egreneur;;Vendange/Tête de récolte porteur VL /avec trieur et egreneur /;Vendange;Tête de récolte porteur VL avec trieur et egreneur 0;0.0;2015.0;840;840500006;€;70000.0;ha;100;€/an;7471.04694818;€/ha;74.7104694818;€/ha;34.29;€/ha;109.000469482;ha/h;0.7;€/h;76.3003286373;;80.0;0.7;10.0;0.15;;;;;;;GES2;1500.0;18.0;;;;;;;;;;;;;;;;;;;;;;;;;;;;;;;
Ensileuse;400 ch;2 RM, 6 rangs rotatifs;ENSILEUSES/Ensileuse /400 ch /2 RM, 6 rangs rotatifs;ENSILEUSES;Ensileuse 400 ch 2 RM, 6 rangs rotatifs;;2015.0;707;7071043;€;236100.0;ha;350;€/an;29568.4915761;€/ha;84.4814045032;€/ha;31.81;€/ha;;ha/h;2.0;€/h;;;;0.7;7.0;0.15;;;;;;;GES2;13000.0;18.0;;;;;136.193940218;€/ha;116.674440218;€/ha;19.5195;€/ha;0.383035714286;;;ch ISO;390.0;;;L;33.0;;;;;;;;;;;272.387880435;233.348880435
Mélangeuse Automotrice;14 m3 - 160 ch;fraise de chargement;DISTRIB FOURRAGE AUTOMOTRICE/Mélangeuse Automotrice /14 m3 - 160 ch  /fraise de chargement;DISTRIB FOURRAGE AUTOMOTRICE;Mélangeuse Automotrice 14 m3 - 160 ch;Mélangeuse Automotrice 14 m3 - 160 ch  fraise de chargement;2015.0;904;90401416;€;150900.0;h;800;€/an;20674.8176229;€/h;25.8435220286;€/h;10.67;€/h;;;;;;;;0.5;7.0;0.2;;;;;;;GES2;12000.0;13.0;;;;;48.1566470286;€/h;36.7166470286;€/h;11.44;€/h;0.203125;;;ch ISO;160.0;;;L;20.0;;;;;;;;;;;;
Hérissons Horizontaux;6 t / 8 m3;1 essieu;EPANDEURS & ACCESSOIRES/Hérissons Horizontaux /6 t / 8 m3 /1 essieu;EPANDEURS & ACCESSOIRES;6 t Horizontaux;Hérissons Horizontaux 6 t / 8 m3 1 essieu;2015.0;40;40110608;€;13200.0;Voy;200;€/an;1560.73040578;€/voy;7.80365202891;€/voy;0.728;€/voy;8.53165202891;Voy / h;2.0;€/h;34.1266081156;ch;70.0;0.4;7.0;0.15;m;4.0;m3;8.0;mn;;GES5;2500.0;14.0;;;;;;;;;;;;;;;;;;;;;;;;;;;;;;;
Intercep Hydraulique VL;avec cadre;et centrale hydraulique;Interceps/Intercep Hydraulique VL /avec cadre /et centrale hydraulique;Interceps;Intercep Hydraulique VL avec cadre et centrale hydraulique;0.0;2015.0;225;2.25810014036e+12;€;10500.0;ha;55;€/an;1036.32885468;€/ha;18.8423428124;€/ha;4.6;€/ha;23.4423428124;ha/h;0.8;€/h;18.7538742499;ch;80.0;0.4;10.0;0.15;;;;;;;GES3;250.0;18.0;;;;;;;;;;;;;;;;;;;;;;;;;;;;;;;
Herse Plate Légère;5 compartiments;4 m pliage manuel;HERSES/Herse Plate Légère /5 compartiments /4 m pliage manuel;HERSES;Herse Plate Légère;5 compartiments 4 m pliage manuel;2015.0;205;205207;€;1500.0;ha;80;€/an;129.622792481;€/ha;1.62028490602;€/ha;0.636;€/ha;2.25628490602;ha/h;2.5;€/h;5.64071226504;ch;80.0;0.8;10.0;0.15;;;;;;;GES3;550.0;18.0;;;;;;;;;;;;;;;;;;;;;;;;;;;;;;;
Rotative 1,65 m;4 disques;;FAUCHEUSES/Rotative 1,65 m /4 disques /;FAUCHEUSES;Rotative 1,65 m;Rotative 1,65 m 4 disques;2015.0;701;701205;€;4050.0;ha;30;€/an;478.86046541;€/ha;15.9620155137;€/ha;2.77;€/ha;18.7320155137;ha/h;0.8;€/h;14.9856124109;ch;70.0;0.4;7.0;0.15;;;;;;;GES3;400.0;14.0;;;;;;;;;;;;;;;;;;;;;;;;;;;;;;;
Rotative 1,65 m;4 disques;;FAUCHEUSES/Rotative 1,65 m /4 disques /;FAUCHEUSES;Rotative 1,65 m;Rotative 1,65 m 4 disques;2015.0;701;701205;€;4050.0;ha;40;€/an;478.86046541;€/ha;11.9715116353;€/ha;2.77;€/ha;14.7415116353;ha/h;0.8;€/h;11.7932093082;ch;70.0;0.4;7.0;0.15;;;;;;;GES3;400.0;14.0;;;;;;;;;;;;;;;;;;;;;;;;;;;;;;;
Charrue décavaillonneuse VE;mécanique;1 rg complet - 2 corps;Charrue/Charrue décavaillonneuse VE /mécanique /1 rg complet - 2 corps;Charrue;Charrue décavaillonneuse VE mécanique 1 rg complet - 2 corps;0.0;2015.0;202;2.02710003013e+11;€;4000.0;ha;22.5;€/an;394.791944641;€/ha;17.5463086507;€/ha;5.75;€/ha;23.2963086507;ha/h;0.5;€/h;11.6481543254;ch;70.0;0.4;10.0;0.15;;;;;;;GES3;200.0;18.0;;;;;;;;;;;;;;;;;;;;;;;;;;;;;;;
Télescopique;90 ch;;CHARIOTS TELESCOPIQUES/Télescopique /90 ch /;CHARIOTS TELESCOPIQUES;Télesco 90 ch;Télescopique 90 ch 0;2015.0;108;108209;€;53700.0;h;700;€/an;6617.83505988;€/h;9.45405008555;€/h;4.01;€/h;5.148;;;;;;;0.4;7.0;0.2;;;;;;;GES1;6200.0;19.0;;;;;18.7085344605;;;;;€/h;0.096484375;;;ch ISO;90.0;;;L;9.5;;;;;;;;;;;;
Axe horizontal;fleaux  6 m;;BROYEURS/Axe horizontal /fleaux  6 m /;BROYEURS;Axe Horizontal 6 m;Axe horizontal fleaux  6 m 0;2015.0;511;511211;€;23000.0;ha;175;€/an;3036.23131429;€/ha;17.3498932245;€/ha;3.93;€/ha;21.2798932245;ha/h;2.5;€/h;53.1997330612;ch;150.0;0.8;7.0;0.2;;;;;;;GES3;2300.0;17.0;;;;;;;;;;;;;;;;;;;;;;;;;;;;;;;
Benne 6 tonnes;1 essieu;;BENNES/Benne 6 tonnes /1 essieu /;BENNES;Benne 6 tonnes;Benne 6 tonnes 1 essieu;2015.0;9011;9011060001;€;6220.0;h;150;€/an;362.438125246;€/h;2.41625416831;€/h;0.667;€/h;3.08325416831;t/benne;6.0;€/t;0.513875694718;ch;70.0;0.4;15.0;0.1;;;;;;;GES5;1850.0;30.0;;;;;;;;;;;;;;;;;;;;;;;;;;;;;;;
Catégorie TGT : Très Gros Tracteur;Tracteur à chassis fixe 350 ch,;4 roues égales, BV continue,;TARCTEURS CLASSIQUES/Catégorie TGT : Très Gros Tracteur/Tracteur à chassis fixe 350 ch,  /4 roues égales, BV continue,;TARCTEURS CLASSIQUES;4 roues égales, BV continue,;Catégorie TGT : Très Gros Tracteur;2015.0;11;11835;€;228700.0;heure;900;€/an;24864.6913601;€/h;27.6274348445;€/h;3.72;€/h;;;;;;;;0.5;8.0;0.12;;;;;;;GES1;12900.0;19.0;;;;;61.6133723445;€/h;36.5883723445;€/h;25.025;€/h;0.8409375;€/h;4.4;ch ISO;350.0;L;150.0;L;30.0;650 65 42;4400.0;4400.0;;4000.0;650.65 42;;4400.0;;4000.0;;
Catégorie TGT : Très Gros Tracteur;Tracteur à chassis fixe 350 ch,;4 roues égales, BV continue,;TARCTEURS CLASSIQUES/Catégorie TGT : Très Gros Tracteur/Tracteur à chassis fixe 350 ch,  /4 roues égales, BV continue,;TARCTEURS CLASSIQUES;4 roues égales, BV continue,;Catégorie TGT : Très Gros Tracteur;2015.0;11;11835;€;228700.0;heure;700;€/an;22060.1271638;€/h;31.5144673769;€/h;3.72;€/h;;;;;;;;0.5;10.0;0.11;;;;;;;GES1;12900.0;19.0;;;;;65.5004048769;€/h;40.4754048769;€/h;25.025;€/h;0.8409375;€/h;4.4;ch ISO;350.0;L;150.0;L;30.0;650.65 42;4400.0;4400.0;;4000.0;650.65 42;;4400.0;;4000.0;;
Chenillettes;30 ch - porte outil;sans équipement;TRACTEUR SPECIALISE CHENILLETTES/Chenillettes/30 ch - porte outil /sans équipement;TRACTEUR SPECIALISE CHENILLETTES;Chenilletes 30 ch;30 ch - porte outil sans équipement;2015.0;159;15903;€;28000.0;heure;60;€/an;1827.55426156;€/h;30.4592376926;€/h;1.96;€/h;;;;;;;;0.35;15.0;0.07;;;;;;;GES1;3400.0;19.0;;;;;39.6136439426;€/h;34.1536439426;€/h;5.46;€/h;0.23440625;€/h;1.5;ch ISO;30.0;L;5.0;L;5.0;;3000.0;3000.0;;4000.0;;;0.0;;0.0;;
Arracheuse Charg. 350/400 ch;6 m3, 4 RM,;6 rangs;RECOLTEUSE BETTERAVES AUTOMOTRICE/Arracheuse Charg. 350/400 ch/6 m3, 4 RM, /6 rangs;RECOLTEUSE BETTERAVES AUTOMOTRICE;Arracheuse Charg. 350/400 ch6 m3, 4 RM,;Arracheuse Charg. 350/400 ch6 m3, 4 RM, 6 rangs;2015.0;82;82124006;€;210000.0;ha;200;€/an;28772.112;€/ha;143.86056;€/ha;30.8;€/ha;;ha/h;0.9;€/h;;;;0.55;7.0;0.2;;;;;;;GES2;19000.0;15.0;;;;;208.061080833;€/ha;175.2902475;€/ha;32.7708333333;€/ha;0.6296875;;;ch ISO;375.0;;;L;31.0;;;;;;;;;;;187.25497275;157.76122275
Trainé 5200 l  H G;rampe Alu 36 m;DPAE, Haut de Gamme Ttes options;PULVERISATEURS/Trainé 5200 l  H G /rampe Alu 36 m /DPAE, Haut de Gamme Ttes options;PULVERISATEURS;Trainé 5200 l  H G;rampe Alu 36 m DPAE, Haut de Gamme Ttes options;2015.0;60;6012527144;€;120600.0;ha;1900;€/an;11117.0445271;€/ha;5.8510760669;€/ha;1.21;€/ha;7.0610760669;ha/h;15.0;€/h;105.916141003;ch;150.0;0.4;10.0;0.12;m;36.0;litres;5200.0;min;15.0;GES4;4500.0;19.0;;;;;;;;;;;;;;;;;;;;;;;;;;;;;;;
Semoir Direct Haut de Gamme;de 1,40/1,50 m,;pour implantation des couverts végétaux;Semoir Inter-Rang/Semoir Direct Haut de Gamme/de 1,40/1,50 m, /pour implantation des couverts végétaux;Semoir Inter-Rang;Semoir Direct Haut de Gammede 1,40/1,50 m, pour implantation des couverts végétaux;;2015.0;350;3.50002400001e+13;€;15000.0;ha;90;€/an;1480.4697924;€/ha;16.44966436;€/ha;2.43;€/ha;18.87966436;ha/h;1.25;€/h;23.5995804501;ch;80.0;0.4;10.0;0.15;;;;;;;GES5;1000.0;18.0;;;;;;;;;;;;;;;;;;;;;;;;;;;;;;;
Vibreur / Récepteur Cerise;Remorque Recep.;50 ch. Hydraulique;RECOLTEUSES FRUITS/Vibreur / Récepteur Cerise/Remorque Recep./50 ch. Hydraulique;RECOLTEUSES FRUITS;Vibreur / Récepteur CeriseRemorque Recep.50 ch. Hydraulique;0.0;2015.0;861;8.61201000006e+11;€;54770.0;he;150;€/an;6749.69881247;€/h;44.9979920832;€/h;4.5;;;;;;;;;;;;;;;;;;;;;;;;;54.5029920832;€/h;49.6334087498;€/h;5.005;€/h;0.135416666667;;;ch ISO;50.0;;;L;5.0;;;;;;;;;;;;
Pulvé à jets projetés VE;6 rgs  - porté;;Pulvérisateur Vigne/Pulvé à jets projetés VE /6 rgs  - porté /;Pulvérisateur Vigne;Pulvé à jets projetés VE 6 rgs  - porté 0;;2015.0;602;60210001903;€;11750.0;ha;120;€/an;1159.70133738;€/ha;9.66417781152;€/ha;1.03;€/ha;10.6941778115;ha/h;1.5;€/h;16.0412667173;ch;60.0;0.4;10.0;0.15;;;;;;;GES4;200.0;19.0;;;;;;;;;;;;;;;;;;;;;;;;;;;;;;;
Prétailleuse 1rgs  pour vigne à gobelet 0;;;Prétailleuse/Prétailleuse 1rgs  pour vigne à gobelet 0//;Prétailleuse;Prétailleuse 1rgs  pour vigne à gobelet;;2015.0;540;5401001;€;4750.0;ha;30;€/an;507.0;€/ha;16.9;€/ha;25.0;€/ha;41.9;ha/h;0.0;€/h;0.0;ch;70.0;0.4;10.0;0.15;;;;;;;GES3;180.0;18.0;;;;;;;;;;;;;;;;;;;;;;;;;;;;;;;
Tracteurs Spécialisés Vigne & Verger 2 RM avec Arceau rabattable;2 RM - 76 à 85 ch;80 ch - Vigne & Verger;TRACTEURS SPECIALISES 2RM/Tracteurs Spécialisés Vigne & Verger 2 RM avec Arceau rabattable/2 RM - 76 à 85 ch /80 ch - Vigne & Verger;TRACTEURS SPECIALISES 2RM;80 ch - Vigne & Verger;Tracteurs Spécialisés Vigne & Verger 2 RM avec Arceau rabattable;2015.0;121;12108;€;30800.0;heure;700;€/an;2970.93098665;€/h;4.24418712378;€/h;1.06;€/h;;;;;;;;0.35;10.0;0.11;;;;;;;GES1;2400.0;19.0;;;;;9.37992670712;€/h;5.94792670712;€/h;3.432;€/h;0.23440625;€/h;0.409333333333;ch ISO;80.0;L;40.0;L;9.0;650 16;120.0;120.0;;2500.0;14,9 R 28;;470.0;;3000.0;;
Catégorie B = Catégorie A + suspension du pont avant de série;96 à 105 ch;100 ch;TRACTEURS CLASSIQUES/Catégorie B = Catégorie A + suspension du pont avant de série /96 à 105 ch/100 ch;TRACTEURS CLASSIQUES;100 ch BVSP + pont AV suspendu;Catégorie B = Catégorie A + suspension du pont avant de série;2015.0;11;1121022021;€;54200.0;heure;500;€/an;4276.21549097;€/h;8.55243098194;€/h;2.22;€/h;;;;;;;;0.35;14.0;0.09;;;;;;;GES1;4200.0;19.0;;;;;17.2769830653;€/h;12.2719830653;€/h;5.005;€/h;0.32621875;€/h;1.17333333333;ch ISO;100.0;L;60.0;L;11.0;360 70 24;800.0;800.0;;3000.0;480 70 34;;1600.0;;5000.0;;
Tracteurs Spécialisés Vigne 4 RM avec cabine confort;96 à 105 ch;100 ch - Vigne;TRACTEURS SPECIALISES 4RM VIGNE/Tracteurs Spécialisés Vigne 4 RM avec cabine confort/96 à 105 ch /100 ch - Vigne;TRACTEURS SPECIALISES 4RM VIGNE;100 ch Vigne;Tracteurs Spécialisés Vigne 4 RM avec cabine confort;2015.0;132;13210;€;44100.0;heure;500;€/an;3479.35614671;€/h;6.95871229343;€/h;1.44;€/h;;;;;;;;0.35;14.0;0.09;;;;;;;GES1;3000.0;19.0;;;;;14.0474518768;€/h;9.04245187676;€/h;5.005;€/h;0.23440625;€/h;0.409333333333;ch ISO;100.0;L;40.0;L;9.0;650 16;120.0;120.0;;2500.0;14,9 R 28;;470.0;;3000.0;;
Catégorie TGT : Très Gros Tracteur;Tracteur à chassis fixe 350 ch,;4 roues égales, BV continue,;TARCTEURS CLASSIQUES/Catégorie TGT : Très Gros Tracteur/Tracteur à chassis fixe 350 ch,  /4 roues égales, BV continue,;TARCTEURS CLASSIQUES;4 roues égales, BV continue,;Catégorie TGT : Très Gros Tracteur;2015.0;11;11835;€;228700.0;heure;500;€/an;18043.7358447;€/h;36.0874716895;€/h;3.72;€/h;;;;;;;;0.5;14.0;0.09;;;;;;;GES1;12900.0;19.0;;;;;70.0734091895;€/h;45.0484091895;€/h;25.025;€/h;0.8409375;€/h;4.4;ch ISO;350.0;L;150.0;L;30.0;650.65 42;4400.0;4400.0;;4000.0;650.65 42;;4400.0;;4000.0;;
MB 250 à 290 ch H G;5 secoueurs + BV hydro;Coupe 6 m Variable;MOISSONNEUSES-BATTEUSES/MB 250 à 290 ch H G /5 secoueurs + BV hydro /Coupe 6 m Variable;MOISSONNEUSES-BATTEUSES;Coupe de 5,6 à 6,5 m + chariot 5 secoueurs;MB 250 à 290 ch H G 5 secoueurs + BV hydro Coupe 6 m Variable;2015.0;801;8015110921;€;202000.0;ha;250;€/an;15791.4992764;€/ha;63.1659971056;€/ha;13.85;€/ha;;ha/h;1.8;€/h;;;;0.7;15.0;0.1;;;;;;;GES2;15400.0;18.0;;;;;92.4372471056;€/ha;77.4222471056;;15.015;€/ha;0.40625;;;ch ISO;270.0;;;L;25.0;;;;;;;;;;;166.38704479;139.36004479
Automotrice 180 ch VE;;;MAV/Automotrice 180 ch VE //;MAV;Automotrice 180 ch VE 00;;2015.0;840;840318003;€;187400.0;ha;60;€/an;17701.5787954;€/ha;295.026313256;€/ha;43.43;;;ha/h;0.5;€/h;;;;0.7;10.0;0.11;;;;;;;GES2;8500.0;18.0;;;;;374.492313256;€/ha;339.94589659;€/ha;36.036;€/ha;1.48958333333;;;ch ISO;180.0;;;L;22.0;;;;;;;;;;;187.246156628;169.972948295
Passerelle diesel 30 ch;2 RM hauteur de 1,1 à 2,1 m;de 4 à 6 postes;PASSERELLE LEGUMES/Passerelle diesel 30 ch /2 RM hauteur de 1,1 à 2,1 m /de 4 à 6 postes;PASSERELLE LEGUMES;Passerelle diesel 30 ch 2 RM hauteur de 1,1 à 2,1 m de 4 à 6 postes;0.0;2015.0;980;9.80330302106e+11;€;19410.0;he;250;€/an;2392.03311941;€/h;9.56813247764;€/h;3.1;;;;;;;;;;;;;;;;;;;;;;;;;15.6711324776;€/h;12.7493824776;€/h;3.003;€/h;0.08125;;;ch ISO;30.0;;;L;5.0;;;;;;;;;;;;
Intercep Hydraulique VL;avec cadre;et centrale hydraulique;Interceps/Intercep Hydraulique VL /avec cadre /et centrale hydraulique;Interceps;Intercep Hydraulique VL avec cadre et centrale hydraulique;;2015.0;225;2.25810014036e+12;€;10500.0;ha;25;€/an;1036.32885468;€/ha;41.4531541873;€/ha;4.6;€/ha;46.0531541873;ha/h;0.8;€/h;36.8425233498;ch;80.0;0.4;10.0;0.15;;;;;;;GES3;250.0;18.0;;;;;;;;;;;;;;;;;;;;;;;;;;;;;;;
Motoculteur 25 cv, essence,;2 Av et 2 Ar, Pdf,;Lanceur Automatique,;MOTOCULTEUR/Motoculteur 25 cv, essence, /2 Av et 2 Ar, Pdf, /Lanceur Automatique,;MOTOCULTEUR;Motoculteur 25 cv, essence, 2 Av et 2 Ar, Pdf, Lanceur Automatique,;0.0;2015.0;1M1;1M11251;€;2700.0;he;250;€/an;332.740310273;€/h;1.33096124109;€/h;5.0;;;;;;;;;;;;;;;;;;;;;;;;;9.85096124109;€/h;6.41221124109;€/h;3.52;€/h;0.08125;;;ch ISO;25.0;;;L;5.0;;;;;;;;;;;;
Chambre fixe;balle  120 x 120;;PRESSES/Chambre fixe  /balle  120 x 120 /;PRESSES;Chambre Fixe 120 x 120;Chambre fixe  balle  120 x 120;2015.0;704;704310;€;17100.0;bal;1200;€/an;1687.73556334;€/bal;1.40644630278;€/ha;0.39;€/ha;1.79644630278;bal/h;25.0;€/h;44.9111575696;ch;90.0;0.8;10.0;0.15;;;;;;;GES3;2800.0;18.0;;;;;;;;;;;;;;;;;;;;;;;;;;;;;;;
Passerelle diesel 30 ch;2 RM hauteur de 1,1 à 2,1 m;de 4 à 6 postes;PASSERELLE LEGUMES/Passerelle diesel 30 ch /2 RM hauteur de 1,1 à 2,1 m /de 4 à 6 postes;PASSERELLE LEGUMES;Passerelle diesel 30 ch 2 RM hauteur de 1,1 à 2,1 m de 4 à 6 postes;;2015.0;980;9.80330302106e+11;€;19410.0;he;100;€/an;2392.03311941;€/h;23.9203311941;€/h;3.1;;;;;;;;;;;;;;;;;;;;;;;;;30.2264561941;€/h;27.2234561941;€/h;3.003;€/h;0.203125;;;ch ISO;30.0;;;L;5.0;;;;;;;;;;;;
Tête de récolte porteur VL;avec trieur et egreneur;;Vendange/Tête de récolte porteur VL /avec trieur et egreneur /;Vendange;Tête de récolte porteur VL avec trieur et egreneur 0;0.0;2015.0;840;840500006;€;70000.0;ha;140;€/an;7471.04694818;€/ha;53.3646210584;€/ha;34.29;€/ha;87.6546210584;ha/h;0.7;€/h;61.3582347409;;80.0;0.7;10.0;0.15;;;;;;;GES2;1500.0;18.0;;;;;;;;;;;;;;;;;;;;;;;;;;;;;;;
"Pivot Fixe 300 m, 5"", rotators, cercle complet,";5 tours de 55 m + porte à faux de 25 m soit 325 m irrigués,;monté , hors câble d'alim. Élect;"Pivot / Rampe/Pivot Fixe 300 m, 5"", rotators, cercle complet, /5 tours de 55 m + porte à faux de 25 m soit 325 m irrigués, /monté , hors câble d'alim. Élect";Pivot / Rampe;"Pivot Fixe 300 m, 5"", rotators, cercle complet, 5 tours de 55 m + porte à faux de 25 m soit 325 m irrigués,";5 tours de 55 m + porte à faux de 25 m soit 325 m irrigués, monté , hors câble d'alim. Élect;2015.0;IRRI0542;IRRI054200030000510000002;€;51500.0;ha;165;€/an;3218.75;€/ha;19.5075757576;€/ha;19.5075757576;;;;;;;;;;;;;;;;;;GES4;0.0;21.0;;;€/ha;24.6590909091;;;;;;;;;;;;;;;;;;;;;;;;;;;
Corn Picker 8 rgs, 4 RM,;300 ch, Trémie 17 m3,;cueilleurs à plaques,;CORN PICKER/Corn Picker 8 rgs, 4 RM, /300 ch, Trémie 17 m3, /cueilleurs à plaques,;CORN PICKER;Corn Picker 8 rgs, 300 ch;Corn Picker 8 rgs, 4 RM, 300 ch, Trémie 17 m3, cueilleurs à plaques,;2015.0;805;8058111714;€;275000.0;ha;300;€/an;21498.3282228;€/ha;71.6610940761;€/ha;30.78;€/ha;;ha/h;3.0;€/h;;;;0.7;15.0;0.1;;;;;;;GES2;16500.0;18.0;;;;;140.181719076;€/ha;102.644219076;€/ha;10.01;€/ha;0.203125;;;ch ISO;300.0;;;L;15.0;;;;;;;;;;;112.145375261;82.1153752609
Ensileuse;400 ch;2 RM, 6 rangs rotatifs;ENSILEUSES/Ensileuse /400 ch /2 RM, 6 rangs rotatifs;ENSILEUSES;Ensileuse 400 ch 2 RM, 6 rangs rotatifs;;2015.0;707;7071043;€;236100.0;ha;300;€/an;29568.4915761;€/ha;98.5616385871;€/ha;31.81;€/ha;;ha/h;2.0;€/h;;;;0.7;7.0;0.15;;;;;;;GES2;13000.0;18.0;;;;;150.338013587;€/ha;130.818513587;€/ha;19.5195;€/ha;0.446875;;;ch ISO;390.0;;;L;33.0;;;;;;;;;;;300.676027174;261.637027174
Automotrice 4 RM,;4 rangs,;sans équipement;CASTREUSE MAIS/Automotrice 4 RM, /4 rangs, /sans équipement;CASTREUSE MAIS;Automotrice 4 RM, 4 rangs, sans équipement;;2015.0;552;5524;€;60000.0;h;100;€/an;8088.0;€/h;80.88;€/h;5.13;€/h;;ha/h;0.0;€/h;;;;0.7;15.0;0.1;;;;;;;GES2;4500.0;13.0;;;;;95.4049375;€/h;86.3959375;€/h;9.009;€/h;0.3859375;;;ch ISO;87.4638488209;;;L;0.0;;;;;;;;;;;9.5;90.0
Herse Plate Légère;5 compartiments;4 m pliage manuel;HERSES/Herse Plate Légère /5 compartiments /4 m pliage manuel;HERSES;Herse Plate Légère;5 compartiments 4 m pliage manuel;2015.0;205;205207;€;1500.0;ha;100;€/an;129.622792481;€/ha;1.29622792481;€/ha;0.636;€/ha;1.93222792481;ha/h;2.5;€/h;4.83056981203;ch;80.0;0.8;10.0;0.15;;;;;;;GES3;550.0;18.0;;;;;;;;;;;;;;;;;;;;;;;;;;;;;;;
Télescopique;90 ch;;CHARIOTS TELESCOPIQUES/Télescopique /90 ch /;CHARIOTS TELESCOPIQUES;Télesco 90 ch;Télescopique 90 ch 0;2015.0;108;108209;€;53700.0;h;900;€/an;6617.83505988;€/h;7.35315006654;€/h;4.01;€/h;5.148;;;;;;;0.4;7.0;0.2;;;;;;;GES1;6200.0;19.0;;;;;16.6076344415;;;;;€/h;0.096484375;;;ch ISO;90.0;;;L;9.5;;;;;;;;;;;;
Cultivateur VL;5 à 9 dents rigides;;Cultivateur Viti/Cultivateur VL /5 à 9 dents rigides /;Cultivateur Viti;Cultivateur VL 5 à 9 dents rigides 0;0.0;2015.0;203;2032109;€;4500.0;ha;50;€/an;388.868377444;€/ha;7.77736754887;€/ha;1.74;€/ha;9.51736754887;ha/h;0.7;€/h;6.66215728421;ch;80.0;0.4;10.0;0.1;;;;;;;GES3;500.0;18.0;;;;;;;;;;;;;;;;;;;;;;;;;;;;;;;
Cultivateur VL;5 à 9 dents rigides;;Cultivateur Viti/Cultivateur VL /5 à 9 dents rigides /;Cultivateur Viti;Cultivateur VL 5 à 9 dents rigides 0;0.0;2015.0;203;2032109;€;4500.0;ha;60;€/an;388.868377444;€/ha;6.48113962406;€/ha;1.74;€/ha;8.22113962406;ha/h;0.7;€/h;5.75479773684;ch;80.0;0.4;10.0;0.1;;;;;;;GES3;500.0;18.0;;;;;;;;;;;;;;;;;;;;;;;;;;;;;;;
Axe horizontal;fleaux  6 m;;BROYEURS/Axe horizontal /fleaux  6 m /;BROYEURS;Axe Horizontal 6 m;Axe horizontal fleaux  6 m 0;2015.0;511;511211;€;23000.0;ha;275;€/an;3036.23131429;€/ha;11.0408411429;€/ha;3.93;€/ha;14.9708411429;ha/h;2.5;€/h;37.4271028571;ch;150.0;0.8;7.0;0.2;;;;;;;GES3;2300.0;17.0;;;;;;;;;;;;;;;;;;;;;;;;;;;;;;;
Catégorie A : Boite semi-powershift, inverseur sous charge et relevage électronique de série;96 à 105 ch;100 ch;TRACTEURS CLASSIQUES/Catégorie A : Boite semi-powershift, inverseur sous charge et relevage électronique de série /96 à 105 ch/100 ch;TRACTEURS CLASSIQUES;100 ch BVSP;Catégorie A : Boite semi-powershift, inverseur sous charge et relevage électronique de série;2015.0;11;112102202;€;48400.0;heure;900;€/an;5262.13844262;€/h;5.8468204918;€/h;2.22;€/h;;;;;;;;0.35;8.0;0.12;;;;;;;GES1;4100.0;19.0;;;;;14.4913725751;€/h;9.48637257513;€/h;5.005;€/h;0.32621875;€/h;1.09333333333;ch ISO;100.0;L;60.0;L;11.0;360 70 24;800.0;800.0;;3000.0;480 70 34;;1400.0;;5000.0;;
Tracteurs Spécialisés Vigne & Verger 4 RM avec Arceau rabattable;4 RM - 96 à 105 ch;100 ch - Vigne & Verger;TRACTEURS SPECIALISES 4RM/Tracteurs Spécialisés Vigne & Verger 4 RM avec Arceau rabattable/4 RM - 96 à 105 ch /100 ch - Vigne & Verger;TRACTEURS SPECIALISES 4RM;100 ch - Vigne & Verger;Tracteurs Spécialisés Vigne & Verger 4 RM avec Arceau rabattable;2015.0;122;12210;€;40300.0;heure;500;€/an;3179.54768056;€/h;6.35909536111;€/h;1.38;€/h;;;;;;;;0.35;14.0;0.09;;;;;;;GES1;2800.0;19.0;;;;;12.6728349444;€/h;8.38283494445;€/h;4.29;€/h;0.23440625;€/h;0.409333333333;ch ISO;100.0;L;40.0;L;9.0;650 16;120.0;120.0;;2500.0;14,9 R 28;;470.0;;3000.0;;
Tracteurs Spécialisés Vigne & Verger 4 RM avec Arceau rabattable;4 RM - 96 à 105 ch;100 ch - Vigne & Verger;TRACTEURS SPECIALISES 4RM/Tracteurs Spécialisés Vigne & Verger 4 RM avec Arceau rabattable/4 RM - 96 à 105 ch /100 ch - Vigne & Verger;TRACTEURS SPECIALISES 4RM;100 ch - Vigne & Verger;Tracteurs Spécialisés Vigne & Verger 4 RM avec Arceau rabattable;2015.0;122;12210;€;40300.0;heure;300;€/an;2630.37274074;€/h;8.7679091358;€/h;1.38;€/h;;;;;;;;0.35;15.0;0.07;;;;;;;GES1;2800.0;19.0;;;;;15.0816487191;€/h;10.7916487191;€/h;4.29;€/h;0.23440625;€/h;0.409333333333;ch ISO;100.0;L;40.0;L;9.0;650 16;120.0;120.0;;2500.0;14,9 R 28;;470.0;;3000.0;;
Tracteurs Spécialisés Vigne & Verger 2 RM avec Arceau rabattable;2 RM - 76 à 85 ch;80 ch - Vigne & Verger;TRACTEURS SPECIALISES 2RM/Tracteurs Spécialisés Vigne & Verger 2 RM avec Arceau rabattable/2 RM - 76 à 85 ch /80 ch - Vigne & Verger;TRACTEURS SPECIALISES 2RM;80 ch - Vigne & Verger;Tracteurs Spécialisés Vigne & Verger 2 RM avec Arceau rabattable;2015.0;121;12108;€;30800.0;heure;300;€/an;2010.30968771;€/h;6.70103229237;€/h;1.06;€/h;;;;;;;;0.35;15.0;0.07;;;;;;;GES1;2400.0;19.0;;;;;11.8367718757;€/h;8.40477187571;€/h;3.432;€/h;0.23440625;€/h;0.409333333333;ch ISO;80.0;L;40.0;L;9.0;650 16;120.0;120.0;;2500.0;14,9 R 28;;470.0;;3000.0;;
Catégorie B = Catégorie A + suspension du pont avant de série;96 à 105 ch;100 ch;TRACTEURS CLASSIQUES/Catégorie B = Catégorie A + suspension du pont avant de série /96 à 105 ch/100 ch;TRACTEURS CLASSIQUES;100 ch BVSP + pont AV suspendu;Catégorie B = Catégorie A + suspension du pont avant de série;2015.0;11;1121022021;€;54200.0;heure;900;€/an;5892.72528078;€/h;6.54747253421;€/h;2.22;€/h;;;;;;;;0.35;8.0;0.12;;;;;;;GES1;4200.0;19.0;;;;;15.2720246175;€/h;10.2670246175;€/h;5.005;€/h;0.32621875;€/h;1.17333333333;ch ISO;100.0;L;60.0;L;11.0;360 70 24;800.0;800.0;;3000.0;480 70 34;;1600.0;;5000.0;;
Tracteurs Spécialisés Vigne 4 RM avec cabine confort;96 à 105 ch;100 ch - Vigne;TRACTEURS SPECIALISES 4RM VIGNE/Tracteurs Spécialisés Vigne 4 RM avec cabine confort/96 à 105 ch /100 ch - Vigne;TRACTEURS SPECIALISES 4RM VIGNE;100 ch Vigne;Tracteurs Spécialisés Vigne 4 RM avec cabine confort;2015.0;132;13210;€;44100.0;heure;300;€/an;2878.39796195;€/h;9.59465987317;€/h;1.44;€/h;;;;;;;;0.35;15.0;0.07;;;;;;;GES1;3000.0;19.0;;;;;16.6833994565;€/h;11.6783994565;€/h;5.005;€/h;0.23440625;€/h;0.409333333333;ch ISO;100.0;L;40.0;L;9.0;650 16;120.0;120.0;;2500.0;14,9 R 28;;470.0;;3000.0;;
Tracteur Standards 2 RM Boite mécanique;2 RM - 96 à 105 ch;100 ch;TRACTEURS CLASSIQUES/Tracteur Standards 2 RM Boite mécanique /2 RM - 96 à 105 ch /100 ch;TRACTEURS CLASSIQUES;100 ch;Tracteur Standards 2 RM Boite mécanique;2015.0;11;111101;€;42550.0;heure;500;€/an;3357.06585131;€/h;6.71413170261;€/h;1.21;€/h;;;;;;;;0.35;14.0;0.09;;;;;;;GES1;3310.0;19.0;;;;;12.8748504526;€/h;8.58485045261;€/h;4.29;€/h;0.32621875;€/h;0.3345;ch ISO;100.0;L;60.0;L;11.0;750 20;85.0;85.0;;4000.0;16,9 38;;730.0;;5000.0;;
Tracteur Standards 2 RM Boite mécanique;2 RM - 96 à 105 ch;100 ch;TRACTEURS CLASSIQUES/Tracteur Standards 2 RM Boite mécanique /2 RM - 96 à 105 ch /100 ch;TRACTEURS CLASSIQUES;100 ch;Tracteur Standards 2 RM Boite mécanique;2015.0;11;111101;€;42550.0;heure;900;€/an;4626.11551102;€/h;5.14012834558;€/h;1.21;€/h;;;;;;;;0.35;8.0;0.12;;;;;;;GES1;3310.0;19.0;;;;;11.3008470956;€/h;7.01084709558;€/h;4.29;€/h;0.32621875;€/h;0.3345;ch ISO;100.0;L;60.0;L;11.0;750 20;85.0;85.0;;4000.0;16,9 38;;730.0;;5000.0;;
Catégorie E = Catégorie C + relevage avant pour charrue & similaire + boîte Variation continue de série + Pont avant suspendu;310 à 330 ch;320 ch;TRACTEURS CLASSIQUES/Catégorie E = Catégorie C + relevage avant pour charrue & similaire + boîte Variation continue de série + Pont avant suspendu/310 à 330 ch/320 ch;TRACTEURS CLASSIQUES;320 ch avec BV Continue;Catégorie E = Catégorie C + relevage avant pour charrue & similaire + boîte Variation continue de série + Pont avant suspendu;2015.0;11;1123272221;€;173600.0;heure;700;€/an;16745.2473793;€/h;23.9217819704;€/h;3.72;€/h;;;;;;;;0.5;10.0;0.11;;;;;;;GES1;11670.0;19.0;;;;;55.4045319704;€/h;32.5245319704;€/h;22.88;€/h;0.80275;€/h;4.08;ch ISO;320.0;L;145.0;L;28.0;600 70 30;1600.0;1600.0;;2500.0;710.70 42;;5600.0;;4000.0;;
H de G 150 ch, 4RM, 20 hl;28 m, cab classe 4, guidage,;Circulation continue, etc.;PULVERISATEURS AUTOMOTEURS/H de G 150 ch, 4RM, 20 hl /28 m, cab classe 4, guidage, /Circulation continue, etc.;PULVERISATEURS AUTOMOTEURS;Pulvé Rapide 170 ch toutes options;H de G 150 ch, 4RM, 20 hl 28 m, cab classe 4, guidage, Circulation continue, etc.;2015.0;60;60512055443;€;162600.0;ha;3000;€/an;20038.3609076;€/ha;6.67945363586;€/ha;1.33;€/ha;;ha/h;20.0;€/h;;;;;7.0;0.2;m;28.0;litres;2500.0;min;15.0;GES2;5500.0;18.0;;;;;8.55585988586;€/ha;8.01960988586;€/ha;0.53625;€/ha;0.01015625;;;ch ISO;150.0;;;L;20.0;;;;;;;;;;;171.117197717;160.392197717
H de G 150 ch, 4RM, 20 hl;28 m, cab classe 4, guidage,;Circulation continue, etc.;PULVERISATEURS AUTOMOTEURS/H de G 150 ch, 4RM, 20 hl /28 m, cab classe 4, guidage, /Circulation continue, etc.;PULVERISATEURS AUTOMOTEURS;Pulvé Rapide 170 ch toutes options;H de G 150 ch, 4RM, 20 hl 28 m, cab classe 4, guidage, Circulation continue, etc.;2015.0;60;60512055443;€;162600.0;ha;2000;€/an;20038.3609076;€/ha;10.0191804538;€/ha;1.33;€/ha;;ha/h;20.0;€/h;;;;;7.0;0.2;m;28.0;litres;2500.0;min;15.0;GES2;5500.0;18.0;;;;;11.8955867038;€/ha;11.3593367038;€/ha;0.53625;€/ha;0.01015625;;;ch ISO;150.0;;;L;20.0;;;;;;;;;;;237.911734076;227.186734076
Catégorie C = Catégorie B + relevage porte masses de série;180 à 200 ch;190 ch;TRACTEURS CLASSIQUES/Catégorie C = Catégorie B + relevage porte masses de série /180 à 200 ch/190 ch;TRACTEURS CLASSIQUES;190 ch BVSP + Rel AV;Catégorie C = Catégorie B + relevage porte masses de série;2015.0;11;1121922121;€;91900.0;heure;900;€/an;9991.53972886;€/h;11.1017108098;€/h;3.27;€/h;;;;;;;;0.5;8.0;0.12;;;;;;;GES1;7490.0;19.0;;;;;31.3278045598;€/h;17.7428045598;€/h;13.585;€/h;0.59109375;€/h;2.78;ch ISO;190.0;L;100.0;L;23.0;540 65 28;1600.0;1600.0;;2500.0;650.65 38;;3000.0;;4000.0;;
Chenillettes;30 ch - porte outil;sans équipement;TRACTEUR SPECIALISE CHENILLETTES/Chenillettes/30 ch - porte outil /sans équipement;TRACTEUR SPECIALISE CHENILLETTES;Chenilletes 30 ch;30 ch - porte outil sans équipement;2015.0;159;15903;€;28000.0;heure;100;€/an;2700.8463515;€/h;27.008463515;€/h;1.96;€/h;;;;;;;;0.35;10.0;0.11;;;;;;;GES1;3400.0;19.0;;;;;36.162869765;€/h;30.702869765;€/h;5.46;€/h;0.23440625;€/h;1.5;ch ISO;70.0;L;40.0;L;9.0;;3000.0;3000.0;;4000.0;;;0.0;;0.0;;
Chenillettes;30 ch - porte outil;sans équipement;TRACTEUR SPECIALISE CHENILLETTES/Chenillettes/30 ch - porte outil /sans équipement;TRACTEUR SPECIALISE CHENILLETTES;Chenilletes 30 ch;30 ch - porte outil sans équipement;2015.0;159;15903;€;28000.0;heure;80;€/an;2209.11501379;€/h;27.6139376723;€/h;1.96;€/h;;;;;;;;0.35;14.0;0.09;;;;;;;GES1;3400.0;19.0;;;;;36.7683439223;€/h;31.3083439223;€/h;5.46;€/h;0.23440625;€/h;1.5;ch ISO;70.0;L;40.0;L;9.0;;3000.0;3000.0;;4000.0;;;0.0;;0.0;;
Arracheuse Charg. 350/400 ch;6 m3, 4 RM,;6 rangs;RECOLTEUSE BETTERAVES AUTOMOTRICE/Arracheuse Charg. 350/400 ch/6 m3, 4 RM, /6 rangs;RECOLTEUSE BETTERAVES AUTOMOTRICE;Arracheuse Charg. 350/400 ch6 m3, 4 RM,;Arracheuse Charg. 350/400 ch6 m3, 4 RM, 6 rangs;2015.0;82;82124006;€;210000.0;ha;250;€/an;28772.112;€/ha;115.088448;€/ha;30.8;€/ha;;ha/h;0.9;€/h;;;;0.55;7.0;0.2;;;;;;;GES2;19000.0;15.0;;;;;179.163031333;€/ha;146.392198;€/ha;32.7708333333;€/ha;0.50375;;;ch ISO;375.0;;;L;31.0;;;;;;;;;;;161.2467282;131.7529782
700 cc 50 - 55 cv;4 x 4 débrayable;;QUAD/700 cc 50 - 55 cv /4 x 4 débrayable/;QUAD;700 cc 50 - 55 cv;4 x 4 débrayable;2015.0;17;17205017;€;12000.0;heure;100;€/an;1120.98233985;€/h;11.2098233985;€/h;3.35;€/h;;;;;;;;0.46;10.0;0.1;;;;;;;GES1;350.0;15.0;;;;;23.1804067318;;;€/h;7.68;€/h;0.10725;€/h;0.833333333333;ch ISO;45.0;;;L;3.0;8-12;125.0;125.0;;600.0;10-12;;125.0;;600.0;;
Ensileuse;400 ch;2 RM, 6 rangs rotatifs;ENSILEUSES/Ensileuse /400 ch /2 RM, 6 rangs rotatifs;ENSILEUSES;Ensileuse 400 ch 2 RM, 6 rangs rotatifs;;2015.0;707;7071043;€;236100.0;ha;400;€/an;29568.4915761;€/ha;73.9212289403;€/ha;31.81;€/ha;;ha/h;2.0;€/h;;;;0.7;7.0;0.15;;;;;;;GES2;13000.0;18.0;;;;;125.58588519;€/ha;106.06638519;€/ha;19.5195;€/ha;0.33515625;;;ch ISO;390.0;;;L;33.0;;;;;;;;;;;251.171770381;212.132770381
Automotrice 4 RM,;4 rangs,;sans équipement;CASTREUSE MAIS/Automotrice 4 RM, /4 rangs, /sans équipement;CASTREUSE MAIS;Automotrice 4 RM, 4 rangs, sans équipement;;2015.0;552;5524;€;60000.0;h;125;€/an;8088.0;€/h;64.704;€/h;5.13;€/h;;ha/h;0.0;€/h;;;;0.7;15.0;0.1;;;;;;;GES2;4500.0;13.0;;;;;79.15175;€/h;70.14275;€/h;9.009;€/h;0.30875;;;ch ISO;87.4638488209;;;L;0.0;;;;;;;;;;;9.5;90.0
Hérissons Horizontaux;6 t / 8 m3;1 essieu;EPANDEURS & ACCESSOIRES/Hérissons Horizontaux /6 t / 8 m3 /1 essieu;EPANDEURS & ACCESSOIRES;6 t Horizontaux;Hérissons Horizontaux 6 t / 8 m3 1 essieu;2015.0;40;40110608;€;13200.0;Voy;300;€/an;1560.73040578;€/voy;5.20243468594;€/voy;0.728;€/voy;5.93043468594;Voy / h;2.0;€/h;23.7217387437;ch;70.0;0.4;7.0;0.15;m;4.0;m3;8.0;mn;;GES5;2500.0;14.0;;;;;;;;;;;;;;;;;;;;;;;;;;;;;;;
Hérissons Horizontaux;6 t / 8 m3;1 essieu;EPANDEURS & ACCESSOIRES/Hérissons Horizontaux /6 t / 8 m3 /1 essieu;EPANDEURS & ACCESSOIRES;6 t Horizontaux;Hérissons Horizontaux 6 t / 8 m3 1 essieu;2015.0;40;40110608;€;13200.0;Voy;400;€/an;1560.73040578;€/voy;3.90182601445;€/voy;0.728;€/voy;4.62982601445;Voy / h;2.0;€/h;18.5193040578;ch;70.0;0.4;7.0;0.15;m;4.0;m3;8.0;mn;;GES5;2500.0;14.0;;;;;;;;;;;;;;;;;;;;;;;;;;;;;;;
Automotrice 180 ch VE;;;MAV/Automotrice 180 ch VE //;MAV;Automotrice 180 ch VE 00;0.0;2015.0;840;840318003;€;187400.0;ha;100;€/an;17701.5787954;€/ha;177.015787954;€/ha;43.43;;;ha/h;0.5;€/h;;;;0.7;10.0;0.11;;;;;;;GES2;8500.0;18.0;;;;;256.481787954;€/ha;221.339537954;€/ha;36.036;€/ha;0.89375;;;ch ISO;180.0;;;L;22.0;;;;;;;;;;;128.240893977;110.669768977
Chambre fixe;balle  120 x 120;;PRESSES/Chambre fixe  /balle  120 x 120 /;PRESSES;Chambre Fixe 120 x 120;Chambre fixe  balle  120 x 120;2015.0;704;704310;€;17100.0;bal;800;€/an;1687.73556334;€/bal;2.10966945418;€/bal;0.39;€/bal;2.49966945418;bal/h;25.0;€/h;62.4917363544;ch;90.0;0.8;10.0;0.15;;;;;;;GES3;2800.0;18.0;;;;;;;;;;;;;;;;;;;;;;;;;;;;;;;
Rotative 1,65 m;4 disques;;FAUCHEUSES/Rotative 1,65 m /4 disques /;FAUCHEUSES;Rotative 1,65 m;Rotative 1,65 m 4 disques;2015.0;701;701205;€;4050.0;ha;50;€/an;478.86046541;€/ha;9.5772093082;€/ha;2.77;€/ha;12.3472093082;ha/h;0.8;€/h;9.87776744656;ch;70.0;0.4;7.0;0.15;;;;;;;GES3;400.0;14.0;;;;;;;;;;;;;;;;;;;;;;;;;;;;;;;
Benne 6 tonnes;1 essieu;;BENNES/Benne 6 tonnes /1 essieu /;BENNES;Benne 6 tonnes;Benne 6 tonnes 1 essieu;2015.0;9011;9011060001;€;6220.0;h;50;€/an;362.438125246;€/h;7.24876250492;€/h;0.667;€/h;7.91576250492;t/benne;6.0;€/t;1.31929375082;ch;70.0;0.4;15.0;0.1;;;;;;;GES5;1850.0;30.0;;;;;;;;;;;;;;;;;;;;;;;;;;;;;;;
Prétailleuse 1rgs  pour vigne à gobelet 0;;;Prétailleuse/Prétailleuse 1rgs  pour vigne à gobelet 0//;Prétailleuse;Prétailleuse 1rgs  pour vigne à gobelet;0.0;2015.0;540;5401001;€;4750.0;ha;45;€/an;507.0;€/ha;11.27;€/ha;25.0;€/ha;36.27;ha/h;0.0;€/h;0.0;ch;70.0;0.4;10.0;0.15;;;;;;;GES3;180.0;18.0;;;;;;;;;;;;;;;;;;;;;;;;;;;;;;;
"Pivot Fixe 300 m, 5"", rotators, cercle complet,";5 tours de 55 m + porte à faux de 25 m soit 325 m irrigués,;monté , hors câble d'alim. Élect;"Pivot / Rampe/Pivot Fixe 300 m, 5"", rotators, cercle complet, /5 tours de 55 m + porte à faux de 25 m soit 325 m irrigués, /monté , hors câble d'alim. Élect";Pivot / Rampe;"Pivot Fixe 300 m, 5"", rotators, cercle complet, 5 tours de 55 m + porte à faux de 25 m soit 325 m irrigués,";5 tours de 55 m + porte à faux de 25 m soit 325 m irrigués, monté , hors câble d'alim. Élect;2015.0;IRRI0542;IRRI054200030000510000002;€;51500.0;m3;52800;€/an;3218.75;€/m3;0.0609611742424;€/m3;0.0609611742424;;;;;;;;;;;;;;;;;;GES5;0.0;22.0;;;€/m3;0.0770596590909;;;;;;;;;;;;;;;;;;;;;;;;;;;
Catégorie D = Catégorie C + relevage avant pour charrue & similaire + boîte automatisée de série;310 à 330 ch;320 ch;TRACTEURS CLASSIQUES/Catégorie D = Catégorie C + relevage avant pour charrue & similaire + boîte automatisée de série/310 à 330 ch/320 ch;TRACTEURS CLASSIQUES;320 ch BV Automatique;Catégorie D = Catégorie C + relevage avant pour charrue & similaire + boîte automatisée de série;2015.0;11;1123242221;€;162700.0;heure;700;€/an;15693.8464782;€/h;22.4197806831;€/h;3.72;€/h;;;;;;;;0.5;10.0;0.11;;;;;;;GES1;11670.0;19.0;;;;;53.9025306831;€/h;31.0225306831;€/h;22.88;€/h;0.80275;€/h;4.08;ch ISO;320.0;L;145.0;L;28.0;600 70 30;1600.0;1600.0;;2500.0;710.70 42;;5600.0;;4000.0;;
Catégorie A : Boite semi-powershift, inverseur sous charge et relevage électronique de série;96 à 105 ch;100 ch;TRACTEURS CLASSIQUES/Catégorie A : Boite semi-powershift, inverseur sous charge et relevage électronique de série /96 à 105 ch/100 ch;TRACTEURS CLASSIQUES;100 ch BVSP;Catégorie A : Boite semi-powershift, inverseur sous charge et relevage électronique de série;2015.0;11;112102202;€;48400.0;heure;700;€/an;4668.60583616;€/h;6.6694369088;€/h;2.22;€/h;;;;;;;;0.35;10.0;0.11;;;;;;;GES1;4100.0;19.0;;;;;15.3139889921;€/h;10.3089889921;€/h;5.005;€/h;0.32621875;€/h;1.09333333333;ch ISO;100.0;L;60.0;L;11.0;360 70 24;800.0;800.0;;3000.0;480 70 34;;1400.0;;5000.0;;
Catégorie B = Catégorie A + suspension du pont avant de série;96 à 105 ch;100 ch;TRACTEURS CLASSIQUES/Catégorie B = Catégorie A + suspension du pont avant de série /96 à 105 ch/100 ch;TRACTEURS CLASSIQUES;100 ch BVSP + pont AV suspendu;Catégorie B = Catégorie A + suspension du pont avant de série;2015.0;11;1121022021;€;54200.0;heure;700;€/an;5228.06686611;€/h;7.46866695159;€/h;2.22;€/h;;;;;;;;0.35;10.0;0.11;;;;;;;GES1;4200.0;19.0;;;;;16.1932190349;€/h;11.1882190349;€/h;5.005;€/h;0.32621875;€/h;1.17333333333;ch ISO;100.0;L;60.0;L;11.0;360 70 24;800.0;800.0;;3000.0;480 70 34;;1600.0;;5000.0;;
Tracteur Standards 2 RM Boite mécanique;2 RM - 96 à 105 ch;100 ch;TRACTEURS CLASSIQUES/Tracteur Standards 2 RM Boite mécanique /2 RM - 96 à 105 ch /100 ch;TRACTEURS CLASSIQUES;100 ch;Tracteur Standards 2 RM Boite mécanique;2015.0;11;111101;€;42550.0;heure;700;€/an;4104.32186629;€/h;5.86331695185;€/h;1.21;€/h;;;;;;;;0.35;10.0;0.11;;;;;;;GES1;3310.0;19.0;;;;;12.0240357018;€/h;7.73403570185;€/h;4.29;€/h;0.32621875;€/h;0.3345;ch ISO;100.0;L;60.0;L;11.0;750 20;85.0;85.0;;4000.0;16,9 38;;730.0;;5000.0;;
H de G 150 ch, 4RM, 20 hl;28 m, cab classe 4, guidage,;Circulation continue, etc.;PULVERISATEURS AUTOMOTEURS/H de G 150 ch, 4RM, 20 hl /28 m, cab classe 4, guidage, /Circulation continue, etc.;PULVERISATEURS AUTOMOTEURS;Pulvé Rapide 170 ch toutes options;H de G 150 ch, 4RM, 20 hl 28 m, cab classe 4, guidage, Circulation continue, etc.;2015.0;60;60512055443;€;162600.0;ha;2500;€/an;20038.3609076;€/ha;8.01534436303;€/ha;1.33;€/ha;;ha/h;20.0;€/h;;;;;7.0;0.2;m;28.0;litres;2500.0;min;15.0;GES2;5500.0;18.0;;;;;9.89175061303;€/ha;9.35550061303;€/ha;0.53625;€/ha;0.01015625;;;ch ISO;150.0;;;L;20.0;;;;;;;;;;;197.835012261;187.110012261
700 cc 50 - 55 cv;4 x 4 débrayable;;QUAD/700 cc 50 - 55 cv /4 x 4 débrayable/;QUAD;700 cc 50 - 55 cv;4 x 4 débrayable;2015.0;17;17205017;€;12000.0;heure;200;€/an;1120.98233985;€/h;5.60491169925;€/h;3.35;€/h;;;;;;;;0.46;10.0;0.1;;;;;;;GES1;350.0;15.0;;;;;17.5754950326;;;€/h;7.68;€/h;0.10725;€/h;0.833333333333;ch ISO;45.0;;;L;3.0;8-12;125.0;125.0;;600.0;10-12;;125.0;;600.0;;
Porteur Automoteur;120 ch;;Porteur Viti Automoteur/Porteur Automoteur /120 ch /;Porteur Viti Automoteur;Porteur Automoteur 120 ch 0;0.0;2015.0;167;16712;€;80000.0;h;350;€/an;7556.70386142;€/h;21.5905824612;€/h;3.0;;;;;;;;;;10.0;0.11;;;;;;;GES1;4500.0;18.0;;;;;30.5965824612;€/h;24.7646896041;€/h;6.006;€/h;0.174107142857;;;ch ISO;120.0;;;L;15.0;;;;;;;;;;;;
Porteur Automoteur;120 ch;;Porteur Viti Automoteur/Porteur Automoteur /120 ch /;Porteur Viti Automoteur;Porteur Automoteur 120 ch 0;;2015.0;167;16712;€;80000.0;h;200;€/an;7556.70386142;€/h;37.7835193071;€/h;3.0;;;;;;;;;;10.0;0.11;;;;;;;GES1;4500.0;18.0;;;;;47.0942068071;€/h;41.0882068071;€/h;6.006;€/h;0.3046875;;;ch ISO;120.0;;;L;15.0;;;;;;;;;;;;
"Pivot Fixe 300 m, 5"", rotators, cercle complet,";5 tours de 55 m + porte à faux de 25 m soit 325 m irrigués,;monté , hors câble d'alim. Élect;"Pivot / Rampe/Pivot Fixe 300 m, 5"", rotators, cercle complet, /5 tours de 55 m + porte à faux de 25 m soit 325 m irrigués, /monté , hors câble d'alim. Élect";Pivot / Rampe;"Pivot Fixe 300 m, 5"", rotators, cercle complet, 5 tours de 55 m + porte à faux de 25 m soit 325 m irrigués,";5 tours de 55 m + porte à faux de 25 m soit 325 m irrigués, monté , hors câble d'alim. Élect;2015.0;IRRI0542;IRRI054200030000510000002;€;51500.0;m3;31350;€/an;3218.75;€/m3;0.102671451356;€/m3;0.102671451356;;;;;;;;;;;;;;;;;;GES3;0.0;20.0;;;€/m3;0.129784688995;;;;;;;;;;;;;;;;;;;;;;;;;;;
"Pivot Fixe 300 m, 5"", rotators, cercle complet,";5 tours de 55 m + porte à faux de 25 m soit 325 m irrigués,;monté , hors câble d'alim. Élect;"Pivot / Rampe/Pivot Fixe 300 m, 5"", rotators, cercle complet, /5 tours de 55 m + porte à faux de 25 m soit 325 m irrigués, /monté , hors câble d'alim. Élect";Pivot / Rampe;"Pivot Fixe 300 m, 5"", rotators, cercle complet, 5 tours de 55 m + porte à faux de 25 m soit 325 m irrigués,";5 tours de 55 m + porte à faux de 25 m soit 325 m irrigués, monté , hors câble d'alim. Élect;2015.0;IRRI0542;IRRI054200030000510000002;€;51500.0;ha;99;€/an;3218.75;€/ha;32.5126262626;€/ha;32.5126262626;;;;;;;;;;;;;;;;;;GES3;;20.0;;;€/ha;41.0984848485;;;;;;;;;;;;;;;;;;;;;;;;;;;
Epandeur lisier 21 m3 Standard + Rampe Pendillards 24 m + DPA;Tonne 21 m3 Standard;Rampe 24 m pendillards + DPA;EPANDEURS & ACCESSOIRES/Epandeur lisier 21 m3 Standard + Rampe Pendillards 24 m + DPA/Tonne 21 m3 Standard /Rampe 24 m pendillards + DPA;EPANDEURS & ACCESSOIRES;21 m3 + rampe à pendillards24 M + dpa;Epandeur lisier 21 m3 Standard + Rampe Pendillards 24 m + DPATonne 21 m3 Standard Rampe 24 m pendillards + DPA;2015.0;40;4.02300214723e+13;€;139400.0;Voy;1150;€/an;16482.2589823;€/voy;14.332399115;€/voy;2.3;€/voy;16.632399115;Voy / h;2.0;€/h;33.26479823;ch;230.0;0.4;7.0;0.15;m;24.0;m3;21.0;mn;10.0;GES5;12150.0;14.0;;;;;;;;;;;;;;;;;;;;;;;;;;;;;;;
Semoir 4 rgs;Distribution mécanique;;SEMOIRS & ACCESSOIRES/Semoir 4 rgs /Distribution mécanique /;SEMOIRS & ACCESSOIRES;4 rgs Méca;Distribution mécanique 0;2015.0;30;305104111;€;4000.0;ha;40;€/an;345.66077995;€/ha;8.64151949875;€/ha;0.79;€/ha;9.43151949875;ha/h;0.8;€/h;7.545215599;ch;80.0;0.4;10.0;0.15;;;;;;;GES5;600.0;18.0;;;;;;;;;;;;;;;;;;;;;;;;;;;;;;;
Vibreur / Récepteur Cerise;Remorque Recep.;50 ch. Hydraulique;RECOLTEUSES FRUITS/Vibreur / Récepteur Cerise/Remorque Recep./50 ch. Hydraulique;RECOLTEUSES FRUITS;Vibreur / Récepteur CeriseRemorque Recep.50 ch. Hydraulique;;2015.0;861;8.61201000006e+11;€;54770.0;he;100;€/an;6749.69881247;€/h;67.4969881247;€/h;4.5;;;;;;;;;;;;;;;;;;;;;;;;;77.2051131247;€/h;72.2001131247;€/h;5.005;€/h;0.203125;;;ch ISO;50.0;;;L;5.0;;;;;;;;;;;;
MB 250 à 290 ch H G;5 secoueurs + BV hydro;Coupe 6 m Variable;MOISSONNEUSES-BATTEUSES/MB 250 à 290 ch H G /5 secoueurs + BV hydro /Coupe 6 m Variable;MOISSONNEUSES-BATTEUSES;Coupe de 5,6 à 6,5 m + chariot 5 secoueurs;MB 250 à 290 ch H G 5 secoueurs + BV hydro Coupe 6 m Variable;2015.0;801;8015110921;€;202000.0;ha;300;€/an;15791.4992764;€/ha;52.6383309214;€/ha;13.85;€/ha;;ha/h;1.8;€/h;;;;0.7;15.0;0.1;;;;;;;GES2;15400.0;18.0;;;;;81.841872588;€/ha;66.826872588;;15.015;€/ha;0.338541666667;;;ch ISO;270.0;;;L;25.0;;;;;;;;;;;147.315370658;120.288370658
MB 250 à 290 ch H G;5 secoueurs + BV hydro;Coupe 6 m Variable;MOISSONNEUSES-BATTEUSES/MB 250 à 290 ch H G /5 secoueurs + BV hydro /Coupe 6 m Variable;MOISSONNEUSES-BATTEUSES;Coupe de 5,6 à 6,5 m + chariot 5 secoueurs;MB 250 à 290 ch H G 5 secoueurs + BV hydro Coupe 6 m Variable;2015.0;801;8015110921;€;202000.0;ha;200;€/an;15791.4992764;€/ha;78.957496382;€/ha;13.85;€/ha;;ha/h;1.8;€/h;;;;0.7;15.0;0.1;;;;;;;GES2;15400.0;18.0;;;;;108.330308882;€/ha;93.315308882;;15.015;€/ha;0.5078125;;;ch ISO;270.0;;;L;25.0;;;;;;;;;;;194.994555988;167.967555988
Herse Plate Légère;5 compartiments;4 m pliage manuel;HERSES/Herse Plate Légère /5 compartiments /4 m pliage manuel;HERSES;Herse Plate Légère;5 compartiments 4 m pliage manuel;2015.0;205;205207;€;1500.0;ha;120;€/an;129.622792481;€/ha;1.08018993734;€/ha;0.636;€/ha;1.71618993734;ha/h;2.5;€/h;4.29047484336;ch;80.0;0.8;10.0;0.15;;;;;;;GES3;550.0;18.0;;;;;;;;;;;;;;;;;;;;;;;;;;;;;;;
Motoculteur 25 cv, essence,;2 Av et 2 Ar, Pdf,;Lanceur Automatique,;MOTOCULTEUR/Motoculteur 25 cv, essence, /2 Av et 2 Ar, Pdf, /Lanceur Automatique,;MOTOCULTEUR;Motoculteur 25 cv, essence, 2 Av et 2 Ar, Pdf, Lanceur Automatique,;0.0;2015.0;1M1;1M11251;€;2700.0;he;300;€/an;332.740310273;€/h;1.10913436758;€/h;5.0;;;;;;;;;;;;;;;;;;;;;;;;;9.62913436758;€/h;6.17684270091;€/h;3.52;€/h;0.0677083333333;;;ch ISO;25.0;;;L;5.0;;;;;;;;;;;;
Cultivateur VL;5 à 9 dents rigides;;Cultivateur Viti/Cultivateur VL /5 à 9 dents rigides /;Cultivateur Viti;Cultivateur VL 5 à 9 dents rigides 0;;2015.0;203;2032109;€;4500.0;ha;40;€/an;388.868377444;€/ha;9.72170943609;€/ha;1.74;€/ha;11.4617094361;ha/h;0.7;€/h;8.02319660527;ch;80.0;0.4;10.0;0.1;;;;;;;GES3;500.0;18.0;;;;;;;;;;;;;;;;;;;;;;;;;;;;;;;
"Pivot Fixe 300 m, 5"", rotators, cercle complet,";5 tours de 55 m + porte à faux de 25 m soit 325 m irrigués,;monté , hors câble d'alim. Élect;"Pivot / Rampe/Pivot Fixe 300 m, 5"", rotators, cercle complet, /5 tours de 55 m + porte à faux de 25 m soit 325 m irrigués, /monté , hors câble d'alim. Élect";Pivot / Rampe;"Pivot Fixe 300 m, 5"", rotators, cercle complet, 5 tours de 55 m + porte à faux de 25 m soit 325 m irrigués,";5 tours de 55 m + porte à faux de 25 m soit 325 m irrigués, monté , hors câble d'alim. Élect;2015.0;IRRI0542;IRRI054200030000510000002;€;51500.0;ha;88;€/an;3218.75;€/ha;36.5767045455;€/ha;36.5767045455;;;;;;;;;;;;;;;;;;GES3;0.0;20.0;;;€/ha;46.2357954545;;;;;;;;;;;;;;;;;;;;;;;;;;;
Corn Picker 8 rgs, 4 RM,;300 ch, Trémie 17 m3,;cueilleurs à plaques,;CORN PICKER/Corn Picker 8 rgs, 4 RM, /300 ch, Trémie 17 m3, /cueilleurs à plaques,;CORN PICKER;Corn Picker 8 rgs, 300 ch;Corn Picker 8 rgs, 4 RM, 300 ch, Trémie 17 m3, cueilleurs à plaques,;2015.0;805;8058111714;€;275000.0;ha;350;€/an;21498.3282228;€/ha;61.4237949224;€/ha;30.78;€/ha;;ha/h;3.0;€/h;;;;0.7;15.0;0.1;;;;;;;GES2;16500.0;18.0;;;;;129.915402065;€/ha;92.3779020652;€/ha;10.01;€/ha;0.174107142857;;;ch ISO;300.0;;;L;15.0;;;;;;;;;;;103.932321652;73.9023216522
Automotrice 4 RM,;4 rangs,;sans équipement;CASTREUSE MAIS/Automotrice 4 RM, /4 rangs, /sans équipement;CASTREUSE MAIS;Automotrice 4 RM, 4 rangs, sans équipement;;2015.0;552;5524;€;60000.0;h;150;€/an;8088.0;€/h;53.92;€/h;5.13;€/h;;ha/h;0.0;€/h;;;;0.7;15.0;0.1;;;;;;;GES2;4500.0;13.0;;;;;73.059;€/h;64.05;€/h;9.009;€/h;5.0;;;ch ISO;87.4638488209;;;L;0.0;;;;;;;;;;;9.5;90.0
Charrue décavaillonneuse VE;mécanique;1 rg complet - 2 corps;Charrue/Charrue décavaillonneuse VE /mécanique /1 rg complet - 2 corps;Charrue;Charrue décavaillonneuse VE mécanique 1 rg complet - 2 corps;0.0;2015.0;202;2.02710003013e+11;€;4000.0;ha;30;€/an;394.791944641;€/ha;13.159731488;€/ha;5.75;€/ha;18.909731488;ha/h;0.5;€/h;9.45486574402;ch;70.0;0.4;10.0;0.15;;;;;;;GES3;200.0;18.0;;;;;;;;;;;;;;;;;;;;;;;;;;;;;;;
Benne 6 tonnes;1 essieu;;BENNES/Benne 6 tonnes /1 essieu /;BENNES;Benne 6 tonnes;Benne 6 tonnes 1 essieu;2015.0;9011;9011060001;€;6220.0;h;100;€/an;362.438125246;€/h;3.62438125246;€/h;0.667;€/h;4.29138125246;t/benne;6.0;€/t;0.715230208743;ch;70.0;0.4;15.0;0.1;;;;;;;GES5;1850.0;30.0;;;;;;;;;;;;;;;;;;;;;;;;;;;;;;;
